Scenario,Experiment,Solution_Number,obj1,obj2,obj3,load_init_1,load_after_1,reachable_1,total_sm_1,overload_init_1,curtailed_after_1,startFuse_init_1,startFuse_after_1,endFuse_init_1,endFuse_after_1,load_init_2,load_after_2,reachable_2,total_sm_2,overload_init_2,curtailed_after_2,startFuse_init_2,startFuse_after_2,endFuse_init_2,endFuse_after_2,load_init_3,load_after_3,reachable_3,total_sm_3,overload_init_3,curtailed_after_3,startFuse_init_3,startFuse_after_3,endFuse_init_3,endFuse_after_3,load_init_4,load_after_4,reachable_4,total_sm_4,overload_init_4,curtailed_after_4,startFuse_init_4,startFuse_after_4,endFuse_init_4,endFuse_after_4,load_init_5,load_after_5,reachable_5,total_sm_5,overload_init_5,curtailed_after_5,startFuse_init_5,startFuse_after_5,endFuse_init_5,endFuse_after_5,load_init_6,load_after_6,reachable_6,total_sm_6,overload_init_6,curtailed_after_6,startFuse_init_6,startFuse_after_6,endFuse_init_6,endFuse_after_6,load_init_7,load_after_7,reachable_7,total_sm_7,overload_init_7,curtailed_after_7,startFuse_init_7,startFuse_after_7,endFuse_init_7,endFuse_after_7,load_init_8,load_after_8,reachable_8,total_sm_8,overload_init_8,curtailed_after_8,startFuse_init_8,startFuse_after_8,endFuse_init_8,endFuse_after_8,load_init_9,load_after_9,reachable_9,total_sm_9,overload_init_9,curtailed_after_9,startFuse_init_9,startFuse_after_9,endFuse_init_9,endFuse_after_9,load_init_10,load_after_10,reachable_10,total_sm_10,overload_init_10,curtailed_after_10,startFuse_init_10,startFuse_after_10,endFuse_init_10,endFuse_after_10,load_init_11,load_after_11,reachable_11,total_sm_11,overload_init_11,curtailed_after_11,startFuse_init_11,startFuse_after_11,endFuse_init_11,endFuse_after_11,load_init_12,load_after_12,reachable_12,total_sm_12,overload_init_12,curtailed_after_12,startFuse_init_12,startFuse_after_12,endFuse_init_12,endFuse_after_12,load_init_13,load_after_13,reachable_13,total_sm_13,overload_init_13,curtailed_after_13,startFuse_init_13,startFuse_after_13,endFuse_init_13,endFuse_after_13,load_init_14,load_after_14,reachable_14,total_sm_14,overload_init_14,curtailed_after_14,startFuse_init_14,startFuse_after_14,endFuse_init_14,endFuse_after_14,load_init_15,load_after_15,reachable_15,total_sm_15,overload_init_15,curtailed_after_15,startFuse_init_15,startFuse_after_15,endFuse_init_15,endFuse_after_15,load_init_16,load_after_16,reachable_16,total_sm_16,overload_init_16,curtailed_after_16,startFuse_init_16,startFuse_after_16,endFuse_init_16,endFuse_after_16,load_init_17,load_after_17,reachable_17,total_sm_17,overload_init_17,curtailed_after_17,startFuse_init_17,startFuse_after_17,endFuse_init_17,endFuse_after_17,load_init_18,load_after_18,reachable_18,total_sm_18,overload_init_18,curtailed_after_18,startFuse_init_18,startFuse_after_18,endFuse_init_18,endFuse_after_18,load_init_19,load_after_19,reachable_19,total_sm_19,overload_init_19,curtailed_after_19,startFuse_init_19,startFuse_after_19,endFuse_init_19,endFuse_after_19,load_init_20,load_after_20,reachable_20,total_sm_20,overload_init_20,curtailed_after_20,startFuse_init_20,startFuse_after_20,endFuse_init_20,endFuse_after_20,load_init_21,load_after_21,reachable_21,total_sm_21,overload_init_21,curtailed_after_21,startFuse_init_21,startFuse_after_21,endFuse_init_21,endFuse_after_21,load_init_22,load_after_22,reachable_22,total_sm_22,overload_init_22,curtailed_after_22,startFuse_init_22,startFuse_after_22,endFuse_init_22,endFuse_after_22,load_init_23,load_after_23,reachable_23,total_sm_23,overload_init_23,curtailed_after_23,startFuse_init_23,startFuse_after_23,endFuse_init_23,endFuse_after_23,load_init_24,load_after_24,reachable_24,total_sm_24,overload_init_24,curtailed_after_24,startFuse_init_24,startFuse_after_24,endFuse_init_24,endFuse_after_24,load_init_25,load_after_25,reachable_25,total_sm_25,overload_init_25,curtailed_after_25,startFuse_init_25,startFuse_after_25,endFuse_init_25,endFuse_after_25,load_init_26,load_after_26,reachable_26,total_sm_26,overload_init_26,curtailed_after_26,startFuse_init_26,startFuse_after_26,endFuse_init_26,endFuse_after_26,load_init_27,load_after_27,reachable_27,total_sm_27,overload_init_27,curtailed_after_27,startFuse_init_27,startFuse_after_27,endFuse_init_27,endFuse_after_27,load_init_28,load_after_28,reachable_28,total_sm_28,overload_init_28,curtailed_after_28,startFuse_init_28,startFuse_after_28,endFuse_init_28,endFuse_after_28,load_init_29,load_after_29,reachable_29,total_sm_29,overload_init_29,curtailed_after_29,startFuse_init_29,startFuse_after_29,endFuse_init_29,endFuse_after_29,load_init_30,load_after_30,reachable_30,total_sm_30,overload_init_30,curtailed_after_30,startFuse_init_30,startFuse_after_30,endFuse_init_30,endFuse_after_30,load_init_31,load_after_31,reachable_31,total_sm_31,overload_init_31,curtailed_after_31,startFuse_init_31,startFuse_after_31,endFuse_init_31,endFuse_after_31
1,1,0,198,4,5,68.2198303910646,14.0,1,0,0,0,1,1,1,168.21983039106465,14.0,1,6,0,0,1,1,1,14.052011400462464,9.4,1,3,0,0,1,1,1,19.375650232450552,20.0,1,12,0,0,1,1,1,18.81000095185034,78.0,1,13,3,0,1,1,1,18.810000951850325,78.0,1,14,2,0,1,1,1,156.339665366463684,2.4,1,2,0,0,1,1,1,180.16699041592426,21.0,1,8,0,0,1,1,1,11.2440733476152923,14.0,1,8,0,0,1,1,1,116.71309500431473,46.0,1,2,0,0,1,1,1,114.950576266296823,80.0,0,21,2,0,1,0,1,12.380976793206102,34.0,1,12,1,0,1,1,1,058.37653278596725,5.0E-14,1,0,0,0,1,1,0,033.89097182682855,8.4,1,8,0,0,1,1,0,05.468397059129444,60.0,1,7,2,0,1,1,1,120.176727048193907,47.0,1,11,2,0,1,1,1,120.176727048193932,47.0,1,10,1,0,1,1,1,110.733230103478858,20.0,1,6,1,0,1,1,1,129.81127767384012,15.0,1,2,1,0,1,1,1,148.32524568000372,32.0,1,8,1,0,1,1,1,134.78101678078501,27.0,1,8,1,0,1,1,1,120.26180306468882,23.0,1,6,1,0,1,1,1,120.694535761794402,14.0,1,5,0,0,1,0,1,126.99852800013016,23.0,1,5,1,0,1,1,1,111.30528445712304,49.0,1,8,0,0,1,1,1,121.101837246414817,16.0,1,15,0,0,1,1,0,017.52542210673483,36.0,1,0,0,0,1,1,0,111.305284457122998,27.0,1,10,2,0,1,1,0,017.373846735015434,3.3,1,1,0,0,1,1,1,124.49930849727879,80.0,0,0,0,0,1,0,1,122.76710409571983,12.0,1,8,0,0,1,1,1,1
1,1,1,198,4,7,68.2198303910646,14.0,1,0,0,0,1,1,1,168.21983039106465,14.0,1,6,0,0,1,1,1,14.052011400462464,9.4,1,3,0,0,1,1,1,19.375650232450552,20.0,1,12,0,0,1,1,1,18.81000095185034,78.0,1,13,3,0,1,1,1,18.810000951850325,78.0,1,14,2,0,1,1,1,156.339665366463684,2.4,1,2,0,0,1,1,1,180.16699041592426,21.0,1,8,0,0,1,1,1,11.2440733476152923,14.0,1,8,0,0,1,1,1,116.71309500431473,46.0,1,2,0,0,1,1,1,114.950576266296823,80.0,0,21,2,0,1,0,1,12.380976793206102,34.0,1,12,1,0,1,1,1,058.37653278596725,5.0E-14,1,0,0,0,1,1,0,033.89097182682855,8.4,1,8,0,0,1,1,0,05.468397059129444,51.0,1,7,2,0,1,1,1,120.176727048193907,47.0,1,11,2,0,1,1,1,120.176727048193932,47.0,1,10,1,0,1,1,1,110.733230103478858,20.0,1,6,1,0,1,1,1,129.81127767384012,15.0,1,2,1,0,1,1,1,148.32524568000372,44.0,1,8,1,0,1,1,1,134.78101678078501,27.0,1,8,1,0,1,1,1,120.26180306468882,23.0,1,6,1,0,1,1,1,120.694535761794402,14.0,1,5,0,0,1,0,1,126.99852800013016,23.0,1,5,1,0,1,1,1,111.30528445712304,49.0,1,8,0,0,1,1,1,121.101837246414817,29.0,1,15,0,0,1,1,0,117.52542210673483,31.0,1,0,0,0,1,0,0,111.305284457122998,27.0,1,10,2,0,1,1,0,017.373846735015434,3.3,1,1,0,0,1,1,1,124.49930849727879,80.0,0,0,0,0,1,0,1,122.76710409571983,12.0,1,8,0,0,1,1,1,1
1,1,2,198,4,8,68.2198303910646,14.0,1,0,0,0,1,1,1,168.21983039106465,14.0,1,6,0,0,1,1,1,14.052011400462464,9.4,1,3,0,0,1,1,1,19.375650232450552,20.0,1,12,0,0,1,1,1,18.81000095185034,78.0,1,13,3,0,1,1,1,18.810000951850325,78.0,1,14,2,0,1,1,1,156.339665366463684,2.4,1,2,0,0,1,1,1,180.16699041592426,21.0,1,8,0,0,1,1,1,11.2440733476152923,14.0,1,8,0,0,1,1,1,116.71309500431473,46.0,1,2,0,0,1,1,1,114.950576266296823,80.0,0,21,2,0,1,0,1,12.380976793206102,34.0,1,12,1,0,1,1,1,058.37653278596725,4.3E-10,1,0,0,0,1,1,0,033.89097182682855,8.4,1,8,0,0,1,1,0,15.468397059129444,51.0,1,7,2,0,1,1,1,120.176727048193907,47.0,1,11,2,0,1,1,1,120.176727048193932,47.0,1,10,1,0,1,1,1,110.733230103478858,20.0,1,6,1,0,1,1,1,129.81127767384012,15.0,1,2,1,0,1,1,1,148.32524568000372,44.0,1,8,1,0,1,1,1,134.78101678078501,27.0,1,8,1,0,1,1,1,120.26180306468882,23.0,1,6,1,0,1,1,1,120.694535761794402,14.0,1,5,0,0,1,0,1,126.99852800013016,23.0,1,5,1,0,1,1,1,111.30528445712304,49.0,1,8,0,0,1,1,1,121.101837246414817,29.0,1,15,0,0,1,1,0,117.52542210673483,31.0,1,0,0,0,1,0,0,111.305284457122998,27.0,1,10,2,0,1,1,0,017.373846735015434,3.3,1,1,0,0,1,1,1,124.49930849727879,80.0,0,0,0,0,1,0,1,122.76710409571983,12.0,1,8,0,0,1,1,1,1
1,1,3,198,12,17,68.2198303910646,14.0,1,0,0,0,1,1,1,168.21983039106465,14.0,1,6,0,0,1,1,1,14.052011400462464,9.4,1,3,0,0,1,1,1,19.375650232450552,20.0,1,12,0,0,1,1,1,08.81000095185034,79.0,1,13,3,0,1,0,1,18.810000951850325,80.0,1,14,2,0,1,1,1,156.339665366463684,2.4,1,2,0,0,1,1,1,180.16699041592426,21.0,1,8,0,0,1,1,1,01.2440733476152923,14.0,1,8,0,0,1,1,1,016.71309500431473,46.0,1,2,0,0,1,1,1,114.950576266296823,80.0,0,21,2,0,1,0,1,12.380976793206102,34.0,1,12,1,0,1,1,1,058.37653278596725,5.0E-14,0,0,0,0,1,0,0,033.89097182682855,8.4,1,8,0,0,1,1,0,05.468397059129444,51.0,1,7,2,0,1,1,1,120.176727048193907,46.0,1,11,2,0,1,1,1,120.176727048193932,48.0,1,10,1,0,1,0,1,110.733230103478858,20.0,1,6,1,0,1,1,1,029.81127767384012,15.0,1,2,1,0,1,1,1,148.32524568000372,44.0,1,8,1,0,1,1,1,134.78101678078501,27.0,1,8,1,0,1,1,1,020.26180306468882,23.0,1,6,1,0,1,1,1,120.694535761794402,14.0,1,5,0,0,1,1,1,126.99852800013016,23.0,1,5,1,0,1,1,1,011.30528445712304,49.0,1,8,0,0,1,1,1,121.101837246414817,29.0,1,15,0,0,1,1,0,117.52542210673483,31.0,1,0,0,0,1,0,0,111.305284457122998,27.0,1,10,2,0,1,1,0,017.373846735015434,3.3,1,1,0,0,1,1,1,124.49930849727879,80.0,0,0,0,0,1,0,1,022.76710409571983,12.0,1,8,0,0,1,1,1,0
1,2,0,190,4,5,67.65144145846416,21.0,1,0,0,0,1,1,1,167.6514414584642,21.0,1,6,0,0,1,1,1,17.6777492709677695,1.5,1,3,0,0,1,1,1,11.49911074480038,32.0,1,12,3,0,1,1,1,122.009758700292593,76.0,1,13,3,0,1,1,1,122.009758700292583,76.0,1,14,3,0,1,1,1,176.51478028279001,3.2,1,2,0,0,1,1,1,158.96184842049984,32.0,1,8,1,0,1,1,1,13.221718984360697,80.0,0,8,0,0,1,0,1,119.419586950046046,58.0,1,2,0,0,1,1,1,111.683312823273544,80.0,0,21,3,0,1,0,1,13.8855522069202113,39.0,1,12,2,0,1,1,1,159.95892677814639,5.0E-14,1,0,0,0,1,1,0,038.81600574220829,7.0,1,8,0,0,1,1,0,042.67227769201709,62.0,1,7,0,0,1,1,1,116.177066775204327,44.0,1,11,1,0,1,1,1,116.17706677520432,44.0,1,10,1,0,1,1,1,18.87304329780491,25.0,1,6,0,0,1,1,1,123.69233274924438,2.1,1,2,0,0,1,1,1,1106.92049745225442,34.0,1,8,0,0,1,1,1,135.123495988379595,41.0,1,8,1,0,1,1,1,124.543882287079878,36.0,1,6,1,0,1,1,1,16.241266811649719,30.0,1,5,1,0,1,1,1,110.744697402705386,16.0,1,5,1,0,1,0,1,123.71002316723928,37.0,1,8,0,0,1,1,1,132.29750986513801,62.0,1,15,0,0,1,1,0,127.11044517508509,5.8E-14,1,0,0,0,1,1,0,023.71002316723921,22.0,1,10,0,0,1,1,0,012.547043436195624,3.2,1,1,0,0,1,1,1,129.178506075198747,80.0,0,0,0,0,1,0,1,133.68182222412446,0.45,1,8,0,0,1,1,1,1
1,2,1,190,4,6,67.65144145846416,21.0,1,0,0,0,1,1,1,167.6514414584642,21.0,1,6,0,0,1,1,1,17.6777492709677695,1.5,1,3,0,0,1,1,1,11.49911074480038,32.0,1,12,3,0,1,1,1,122.009758700292593,76.0,1,13,3,0,1,1,1,122.009758700292583,76.0,1,14,3,0,1,1,1,176.51478028279001,3.2,1,2,0,0,1,1,1,158.96184842049984,32.0,1,8,1,0,1,1,1,13.221718984360697,80.0,0,8,0,0,1,0,1,119.419586950046046,58.0,1,2,0,0,1,1,1,111.683312823273544,80.0,0,21,3,0,1,0,1,13.8855522069202113,39.0,1,12,2,0,1,1,1,159.95892677814639,4.3E-10,1,0,0,0,1,1,0,038.81600574220829,7.0,1,8,0,0,1,1,0,042.67227769201709,73.0,1,7,0,0,1,1,1,116.177066775204327,44.0,1,11,1,0,1,1,1,116.17706677520432,44.0,1,10,1,0,1,1,1,18.87304329780491,25.0,1,6,0,0,1,1,1,123.69233274924438,2.1,1,2,0,0,1,1,1,1106.92049745225442,27.0,1,8,0,0,1,1,1,135.123495988379595,41.0,1,8,1,0,1,1,1,124.543882287079878,36.0,1,6,1,0,1,1,1,16.241266811649719,30.0,1,5,1,0,1,1,1,110.744697402705386,16.0,1,5,1,0,1,0,1,123.71002316723928,37.0,1,8,0,0,1,1,1,132.29750986513801,52.0,1,15,0,0,1,1,0,127.11044517508509,80.0,0,0,0,0,1,0,0,023.71002316723921,22.0,1,10,0,0,1,1,0,012.547043436195624,3.2,1,1,0,0,1,1,1,129.178506075198747,80.0,0,0,0,0,1,0,1,133.68182222412446,0.45,1,8,0,0,1,1,1,1
1,2,2,190,12,15,67.65144145846416,20.0,1,0,0,0,1,0,1,167.6514414584642,22.0,1,6,0,0,1,1,1,17.6777492709677695,1.5,1,3,0,0,1,1,1,11.49911074480038,32.0,1,12,3,0,1,1,1,022.009758700292593,76.0,1,13,3,0,1,1,1,122.009758700292583,76.0,1,14,3,0,1,1,1,176.51478028279001,3.2,1,2,0,0,1,1,1,158.96184842049984,32.0,1,8,1,0,1,1,1,03.221718984360697,80.0,0,8,0,0,1,0,1,019.419586950046046,58.0,1,2,0,0,1,1,1,111.683312823273544,80.0,0,21,3,0,1,0,1,13.8855522069202113,39.0,1,12,2,0,1,1,1,159.95892677814639,4.3E-10,1,0,0,0,1,1,0,038.81600574220829,7.0,1,8,0,0,1,1,0,042.67227769201709,73.0,1,7,0,0,1,1,1,116.177066775204327,45.0,1,11,1,0,1,1,1,116.17706677520432,42.0,1,10,1,0,1,0,1,18.87304329780491,25.0,1,6,0,0,1,1,1,023.69233274924438,2.1,1,2,0,0,1,1,1,1106.92049745225442,27.0,1,8,0,0,1,1,1,135.123495988379595,41.0,1,8,1,0,1,1,1,024.543882287079878,36.0,1,6,1,0,1,1,1,16.241266811649719,30.0,1,5,1,0,1,1,1,110.744697402705386,16.0,1,5,1,0,1,0,1,123.71002316723928,37.0,1,8,0,0,1,1,1,132.29750986513801,52.0,1,15,0,0,1,1,0,127.11044517508509,80.0,0,0,0,0,1,0,0,023.71002316723921,22.0,1,10,0,0,1,1,0,012.547043436195624,3.2,1,1,0,0,1,1,1,129.178506075198747,80.0,0,0,0,0,1,0,1,033.68182222412446,0.45,1,8,0,0,1,1,1,0
1,3,0,211,3,4,56.634320259823,29.0,1,0,0,0,1,1,1,156.63432025982302,29.0,1,6,3,0,1,1,1,144.0467160281955,4.7,1,3,0,0,1,1,1,14.6667356688676005,30.0,1,12,1,0,1,1,1,117.913969921772697,72.0,1,13,0,0,1,1,1,16.022482080553335,72.0,1,14,3,0,1,1,1,143.86427703366271,1.3,1,2,0,0,1,1,1,172.46457636808562,14.0,1,8,0,0,1,1,1,15.24336833458893,80.0,0,8,0,0,1,0,1,112.070887221085837,71.0,1,2,0,0,1,1,1,120.87628223844608,48.0,1,21,1,0,1,1,1,15.731882930023318,17.0,1,12,0,0,1,1,1,137.58541572299653,5.0E-14,1,0,0,0,1,1,0,017.000432259255454,30.0,1,8,1,0,1,1,0,066.89137920114217,71.0,1,7,1,0,1,1,1,142.59089485409177,43.0,1,11,1,0,1,1,1,142.590894854091715,43.0,1,10,0,0,1,1,1,138.33354401480044,12.0,1,6,0,0,1,1,1,146.88783728910643,19.0,1,2,1,0,1,1,1,1118.80984129544655,53.0,1,8,2,0,1,1,1,121.985279177997096,38.0,1,8,1,0,1,1,1,112.067238661009787,21.0,1,6,1,0,1,1,1,126.593822128613663,21.0,1,5,1,0,1,0,1,134.37243734358808,6.0,1,5,1,0,1,1,1,116.5448280673333,49.0,1,8,1,0,1,1,1,129.48135680541999,51.0,1,15,1,0,1,1,0,015.690882429148362,60.0,1,0,0,0,1,1,0,116.544828067333185,28.0,1,10,1,0,1,1,0,04.56700312984093,3.9,1,1,0,0,1,1,1,142.54215181556024,80.0,0,0,0,0,1,0,1,150.03155743588681,21.0,1,8,0,0,1,1,1,1
1,3,1,211,3,6,56.634320259823,29.0,1,0,0,0,1,1,1,156.63432025982302,29.0,1,6,3,0,1,1,1,144.0467160281955,4.7,1,3,0,0,1,1,1,14.6667356688676005,30.0,1,12,1,0,1,1,1,117.913969921772697,72.0,1,13,0,0,1,1,1,16.022482080553335,72.0,1,14,3,0,1,1,1,143.86427703366271,1.3,1,2,0,0,1,1,1,172.46457636808562,14.0,1,8,0,0,1,1,1,15.24336833458893,80.0,0,8,0,0,1,0,1,112.070887221085837,71.0,1,2,0,0,1,1,1,120.87628223844608,48.0,1,21,1,0,1,1,1,15.731882930023318,17.0,1,12,0,0,1,1,1,137.58541572299653,4.3E-10,1,0,0,0,1,1,0,017.000432259255454,30.0,1,8,1,0,1,1,0,066.89137920114217,70.0,1,7,1,0,1,1,1,142.59089485409177,43.0,1,11,1,0,1,1,1,142.590894854091715,43.0,1,10,0,0,1,1,1,138.33354401480044,12.0,1,6,0,0,1,1,1,146.88783728910643,19.0,1,2,1,0,1,1,1,1118.80984129544655,54.0,1,8,2,0,1,1,1,121.985279177997096,38.0,1,8,1,0,1,1,1,112.067238661009787,21.0,1,6,1,0,1,1,1,126.593822128613663,21.0,1,5,1,0,1,1,1,134.37243734358808,6.0,1,5,1,0,1,0,1,116.5448280673333,49.0,1,8,1,0,1,1,1,129.48135680541999,59.0,1,15,1,0,1,0,0,115.690882429148362,54.0,1,0,0,0,1,1,0,116.544828067333185,28.0,1,10,1,0,1,1,0,04.56700312984093,3.9,1,1,0,0,1,1,1,142.54215181556024,80.0,0,0,0,0,1,0,1,150.03155743588681,21.0,1,8,0,0,1,1,1,1
1,3,2,211,4,7,56.634320259823,29.0,1,0,0,0,1,1,1,156.63432025982302,29.0,1,6,3,0,1,1,1,144.0467160281955,4.7,1,3,0,0,1,1,1,14.6667356688676005,30.0,1,12,1,0,1,1,1,117.913969921772697,79.0,1,13,0,0,1,0,1,16.022482080553335,69.0,1,14,3,0,1,1,1,143.86427703366271,1.3,1,2,0,0,1,1,1,172.46457636808562,14.0,1,8,0,0,1,1,1,15.24336833458893,80.0,0,8,0,0,1,0,1,112.070887221085837,71.0,1,2,0,0,1,1,1,120.87628223844608,48.0,1,21,1,0,1,1,1,15.731882930023318,17.0,1,12,0,0,1,1,1,137.58541572299653,4.3E-10,1,0,0,0,1,1,0,017.000432259255454,30.0,1,8,1,0,1,1,0,066.89137920114217,61.0,1,7,1,0,1,1,1,142.59089485409177,43.0,1,11,1,0,1,1,1,142.590894854091715,43.0,1,10,0,0,1,1,1,138.33354401480044,12.0,1,6,0,0,1,1,1,146.88783728910643,19.0,1,2,1,0,1,1,1,1118.80984129544655,66.0,1,8,2,0,1,1,1,121.985279177997096,38.0,1,8,1,0,1,1,1,112.067238661009787,21.0,1,6,1,0,1,1,1,126.593822128613663,21.0,1,5,1,0,1,1,1,134.37243734358808,6.0,1,5,1,0,1,0,1,116.5448280673333,49.0,1,8,1,0,1,1,1,129.48135680541999,74.0,1,15,1,0,1,0,0,115.690882429148362,53.0,1,0,0,0,1,1,0,116.544828067333185,28.0,1,10,1,0,1,1,0,04.56700312984093,3.9,1,1,0,0,1,1,1,142.54215181556024,80.0,0,0,0,0,1,0,1,150.03155743588681,21.0,1,8,0,0,1,1,1,1
1,3,3,211,10,13,56.634320259823,29.0,1,0,0,0,1,1,1,156.63432025982302,29.0,1,6,3,0,1,1,1,144.0467160281955,4.7,1,3,0,0,1,1,1,14.6667356688676005,30.0,1,12,1,0,1,1,1,017.913969921772697,79.0,1,13,0,0,1,1,1,16.022482080553335,69.0,1,14,3,0,1,0,1,143.86427703366271,1.3,1,2,0,0,1,1,1,172.46457636808562,14.0,1,8,0,0,1,1,1,05.24336833458893,80.0,0,8,0,0,1,0,1,112.070887221085837,71.0,1,2,0,0,1,1,1,120.87628223844608,48.0,1,21,1,0,1,1,1,15.731882930023318,17.0,1,12,0,0,1,1,1,137.58541572299653,4.3E-10,1,0,0,0,1,1,0,017.000432259255454,30.0,1,8,1,0,1,1,0,066.89137920114217,61.0,1,7,1,0,1,1,1,142.59089485409177,43.0,1,11,1,0,1,1,1,142.590894854091715,43.0,1,10,0,0,1,1,1,138.33354401480044,12.0,1,6,0,0,1,1,1,046.88783728910643,19.0,1,2,1,0,1,1,1,1118.80984129544655,66.0,1,8,2,0,1,1,1,121.985279177997096,38.0,1,8,1,0,1,1,1,012.067238661009787,21.0,1,6,1,0,1,1,1,126.593822128613663,21.0,1,5,1,0,1,1,1,034.37243734358808,6.0,1,5,1,0,1,1,1,116.5448280673333,49.0,1,8,1,0,1,1,1,129.48135680541999,74.0,1,15,1,0,1,0,0,115.690882429148362,53.0,1,0,0,0,1,1,0,116.544828067333185,28.0,1,10,1,0,1,1,0,04.56700312984093,3.9,1,1,0,0,1,1,1,142.54215181556024,80.0,0,0,0,0,1,0,1,050.03155743588681,21.0,1,8,0,0,1,1,1,0
1,4,0,198,4,4,57.451005041655534,30.0,1,0,0,0,1,1,1,157.45100504165558,30.0,1,6,1,0,1,1,1,136.31635352340598,2.8,1,3,0,0,1,1,1,12.7878190589335627,14.0,1,12,0,0,1,1,1,16.442142418300194,64.0,1,13,0,0,1,1,1,14.400546816852597,64.0,1,14,4,0,1,1,1,141.78204732987782,4.7,1,2,0,0,1,1,1,182.43832941060194,20.0,1,8,0,0,1,1,1,13.5808209886518934,10.0,1,8,0,0,1,1,1,112.855121437946876,39.0,1,2,0,0,1,1,1,112.430948838199464,80.0,0,21,5,0,1,0,1,12.273169258440968,29.0,1,12,1,0,1,1,1,069.92790314251374,4.3E-10,1,0,0,0,1,1,0,029.2738365006443,16.0,1,8,0,0,1,1,0,037.32915843685468,78.0,1,7,0,0,1,1,1,117.830524583438862,54.0,1,11,0,0,1,1,1,117.830524583438905,54.0,1,10,2,0,1,1,1,120.909378081971454,23.0,1,6,1,0,1,1,1,114.781207016733386,25.0,1,2,2,0,1,1,1,180.26038485167622,42.0,1,8,1,0,1,1,1,144.73556635383019,24.0,1,8,0,0,1,1,1,123.222716992976977,19.0,1,6,1,0,1,1,1,125.886447574120748,17.0,1,5,0,0,1,1,1,126.75904271869444,41.0,1,5,0,0,1,1,1,013.06147116466272,18.0,1,8,0,0,1,1,1,118.99198962098768,35.0,1,15,1,0,1,1,0,014.619669800978134,2.8E-13,1,0,0,0,1,1,0,013.061471164662644,4.6,1,10,2,0,1,1,0,031.37552617871233,0.096,1,1,0,0,1,1,1,128.8991529614316,0.0,1,0,0,0,1,1,1,133.997791004202824,14.0,1,8,0,0,1,1,1,0
1,4,1,198,4,6,57.451005041655534,30.0,1,0,0,0,1,1,1,157.45100504165558,30.0,1,6,1,0,1,1,1,136.31635352340598,2.8,1,3,0,0,1,1,1,12.7878190589335627,14.0,1,12,0,0,1,1,1,16.442142418300194,64.0,1,13,0,0,1,1,1,14.400546816852597,64.0,1,14,4,0,1,1,1,141.78204732987782,4.7,1,2,0,0,1,1,1,182.43832941060194,20.0,1,8,0,0,1,1,1,13.5808209886518934,10.0,1,8,0,0,1,1,1,012.855121437946876,39.0,1,2,0,0,1,1,1,112.430948838199464,80.0,0,21,5,0,1,0,1,12.273169258440968,29.0,1,12,1,0,1,1,1,169.92790314251374,4.3E-10,1,0,0,0,1,1,0,029.2738365006443,16.0,1,8,0,0,1,1,0,037.32915843685468,66.0,1,7,0,0,1,1,1,117.830524583438862,54.0,1,11,0,0,1,1,1,117.830524583438905,54.0,1,10,2,0,1,1,1,120.909378081971454,23.0,1,6,1,0,1,1,1,114.781207016733386,25.0,1,2,2,0,1,1,1,180.26038485167622,31.0,1,8,1,0,1,1,1,144.73556635383019,24.0,1,8,0,0,1,1,1,123.222716992976977,19.0,1,6,1,0,1,1,1,125.886447574120748,17.0,1,5,0,0,1,1,1,126.75904271869444,41.0,1,5,0,0,1,0,1,113.06147116466272,18.0,1,8,0,0,1,1,1,118.99198962098768,50.0,1,15,1,0,1,1,0,114.619669800978134,80.0,0,0,0,0,1,0,0,013.061471164662644,4.6,1,10,2,0,1,1,0,031.37552617871233,0.096,1,1,0,0,1,1,1,128.8991529614316,80.0,0,0,0,0,1,0,1,133.997791004202824,14.0,1,8,0,0,1,1,1,1
1,4,2,198,12,18,57.451005041655534,22.0,1,0,0,0,1,1,1,157.45100504165558,38.0,1,6,1,0,1,0,1,136.31635352340598,2.8,1,3,0,0,1,1,1,12.7878190589335627,14.0,1,12,0,0,1,1,1,06.442142418300194,73.0,1,13,0,0,1,0,1,14.400546816852597,66.0,1,14,4,0,1,1,1,141.78204732987782,4.7,1,2,0,0,1,1,1,182.43832941060194,20.0,1,8,0,0,1,1,1,03.5808209886518934,10.0,1,8,0,0,1,1,1,012.855121437946876,39.0,1,2,0,0,1,1,1,112.430948838199464,80.0,0,21,5,0,1,0,1,12.273169258440968,29.0,1,12,1,0,1,1,1,069.92790314251374,5.0E-14,0,0,0,0,1,0,0,029.2738365006443,16.0,1,8,0,0,1,1,0,137.32915843685468,66.0,1,7,0,0,1,1,1,117.830524583438862,44.0,1,11,0,0,1,1,1,117.830524583438905,66.0,1,10,2,0,1,0,1,120.909378081971454,23.0,1,6,1,0,1,1,1,014.781207016733386,25.0,1,2,2,0,1,1,1,180.26038485167622,31.0,1,8,1,0,1,1,1,144.73556635383019,24.0,1,8,0,0,1,1,1,023.222716992976977,19.0,1,6,1,0,1,1,1,125.886447574120748,17.0,1,5,0,0,1,1,1,126.75904271869444,41.0,1,5,0,0,1,1,1,013.06147116466272,18.0,1,8,0,0,1,1,1,118.99198962098768,50.0,1,15,1,0,1,1,0,114.619669800978134,80.0,0,0,0,0,1,0,0,013.061471164662644,4.6,1,10,2,0,1,1,0,031.37552617871233,0.096,1,1,0,0,1,1,1,128.8991529614316,80.0,0,0,0,0,1,0,1,033.997791004202824,14.0,1,8,0,0,1,1,1,0
1,5,0,207,3,3,29.852812390242363,28.0,1,0,0,0,1,1,1,129.852812390242384,28.0,1,6,1,0,1,1,1,128.303171339717277,3.8,1,3,0,0,1,1,1,13.7909697003314506,12.0,1,12,1,0,1,1,1,16.94014858927382,58.0,1,13,2,0,1,1,1,12.546451690895847,58.0,1,14,1,0,1,1,1,123.7723054642457,6.0,1,2,0,0,1,1,1,136.11534974076254,21.0,1,8,0,0,1,1,1,12.5702375568124074,21.0,1,8,1,0,1,1,1,118.03056988112871,63.0,1,2,0,0,1,1,1,122.498400236304892,60.0,1,21,3,0,1,1,1,15.140475113624813,80.0,0,12,1,0,1,0,1,147.276580210227195,4.3E-10,1,0,0,0,1,1,0,026.30296855861511,24.0,1,8,1,0,1,1,0,047.07305375651211,79.0,1,7,0,0,1,1,1,120.6281644846116,41.0,1,11,1,0,1,1,1,120.628164484611634,41.0,1,10,1,0,1,1,1,130.75604124393245,5.6,1,6,0,0,1,1,1,110.903111535363367,3.0,1,2,0,0,1,1,1,1110.56941906194035,26.0,1,8,0,0,1,1,1,145.13750384256022,33.0,1,8,1,0,1,1,1,15.5824679914863955,31.0,1,6,1,0,1,1,1,16.634436422950516,14.0,1,5,0,0,1,1,1,010.299057833000642,16.0,1,5,1,0,1,1,1,111.32363953797674,53.0,1,8,1,0,1,1,1,126.238711479404948,32.0,1,15,1,0,1,1,0,023.28292939940601,2.3E-13,1,0,0,0,1,1,0,011.323639537976655,32.0,1,10,3,0,1,1,0,011.938799743342514,2.1,1,1,0,0,1,1,1,132.41205728176433,0.0,1,0,0,0,1,1,1,134.945220937807484,12.0,1,8,0,0,1,1,1,0
1,5,1,207,3,5,29.852812390242363,28.0,1,0,0,0,1,1,1,129.852812390242384,28.0,1,6,1,0,1,1,1,128.303171339717277,3.8,1,3,0,0,1,1,1,13.7909697003314506,12.0,1,12,1,0,1,1,1,16.94014858927382,58.0,1,13,2,0,1,1,1,12.546451690895847,58.0,1,14,1,0,1,1,1,123.7723054642457,6.0,1,2,0,0,1,1,1,136.11534974076254,21.0,1,8,0,0,1,1,1,12.5702375568124074,21.0,1,8,1,0,1,1,1,118.03056988112871,63.0,1,2,0,0,1,1,1,122.498400236304892,60.0,1,21,3,0,1,1,1,15.140475113624813,80.0,0,12,1,0,1,0,1,147.276580210227195,4.3E-10,1,0,0,0,1,1,0,026.30296855861511,24.0,1,8,1,0,1,1,0,047.07305375651211,47.0,1,7,0,0,1,1,1,120.6281644846116,41.0,1,11,1,0,1,1,1,120.628164484611634,41.0,1,10,1,0,1,1,1,130.75604124393245,5.6,1,6,0,0,1,1,1,110.903111535363367,3.0,1,2,0,0,1,1,1,1110.56941906194035,28.0,1,8,0,0,1,1,1,145.13750384256022,33.0,1,8,1,0,1,1,1,15.5824679914863955,31.0,1,6,1,0,1,1,1,16.634436422950516,14.0,1,5,0,0,1,1,1,110.299057833000642,16.0,1,5,1,0,1,0,1,111.32363953797674,53.0,1,8,1,0,1,1,1,126.238711479404948,32.0,1,15,1,0,1,1,0,123.28292939940601,31.0,1,0,0,0,1,1,0,111.323639537976655,32.0,1,10,3,0,1,1,0,011.938799743342514,2.1,1,1,0,0,1,1,1,132.41205728176433,80.0,0,0,0,0,1,0,1,134.945220937807484,12.0,1,8,0,0,1,1,1,1
1,5,2,207,10,14,29.852812390242363,28.0,1,0,0,0,1,1,1,129.852812390242384,28.0,1,6,1,0,1,1,1,128.303171339717277,3.8,1,3,0,0,1,1,1,13.7909697003314506,12.0,1,12,1,0,1,1,1,06.94014858927382,58.0,1,13,2,0,1,1,1,12.546451690895847,58.0,1,14,1,0,1,1,1,123.7723054642457,6.0,1,2,0,0,1,1,1,136.11534974076254,21.0,1,8,0,0,1,1,1,02.5702375568124074,21.0,1,8,1,0,1,1,1,018.03056988112871,63.0,1,2,0,0,1,1,1,122.498400236304892,60.0,1,21,3,0,1,1,1,15.140475113624813,80.0,0,12,1,0,1,0,1,047.276580210227195,5.0E-14,0,0,0,0,1,0,0,026.30296855861511,24.0,1,8,1,0,1,1,0,047.07305375651211,47.0,1,7,0,0,1,1,1,120.6281644846116,41.0,1,11,1,0,1,1,1,120.628164484611634,41.0,1,10,1,0,1,1,1,130.75604124393245,5.6,1,6,0,0,1,1,1,010.903111535363367,3.0,1,2,0,0,1,1,1,1110.56941906194035,28.0,1,8,0,0,1,1,1,145.13750384256022,33.0,1,8,1,0,1,1,1,05.5824679914863955,31.0,1,6,1,0,1,1,1,16.634436422950516,14.0,1,5,0,0,1,0,1,110.299057833000642,16.0,1,5,1,0,1,1,1,111.32363953797674,53.0,1,8,1,0,1,1,1,126.238711479404948,32.0,1,15,1,0,1,1,0,123.28292939940601,31.0,1,0,0,0,1,1,0,111.323639537976655,32.0,1,10,3,0,1,1,0,011.938799743342514,2.1,1,1,0,0,1,1,1,132.41205728176433,80.0,0,0,0,0,1,0,1,034.945220937807484,12.0,1,8,0,0,1,1,1,0
2,1,0,199,4,5,68.2198303910646,14.0,1,0,0,0,1,1,1,168.21983039106465,14.0,1,6,0,0,1,1,1,14.052011400462464,9.4,1,3,0,0,1,1,1,19.375650232450552,20.0,1,12,0,0,1,1,1,18.81000095185034,80.0,1,13,3,1,1,1,1,18.810000951850325,80.0,1,14,2,0,1,1,1,156.339665366463684,2.4,1,2,0,0,1,1,1,180.16699041592426,21.0,1,8,0,0,1,1,1,11.2440733476152923,80.0,0,8,0,0,1,0,1,116.71309500431473,77.0,1,2,0,0,1,1,1,114.950576266296823,75.0,1,21,2,0,1,1,1,12.380976793206102,80.0,0,12,1,1,1,0,1,158.37653278596725,5.0E-14,1,0,0,0,1,1,0,033.89097182682855,8.4,1,8,0,0,1,1,0,05.468397059129444,61.0,1,7,2,0,1,1,1,120.176727048193907,62.0,1,11,2,1,1,1,1,120.176727048193932,62.0,1,10,1,0,1,1,1,110.733230103478858,20.0,1,6,1,0,1,1,1,129.81127767384012,15.0,1,2,1,0,1,1,1,148.32524568000372,31.0,1,8,1,0,1,1,1,134.78101678078501,27.0,1,8,1,0,1,1,1,120.26180306468882,23.0,1,6,1,0,1,1,1,120.694535761794402,14.0,1,5,0,0,1,1,1,126.99852800013016,7.5,1,5,1,1,1,0,1,111.30528445712304,41.0,1,8,0,0,1,1,1,121.101837246414817,51.0,1,15,0,0,1,1,0,117.52542210673483,5.8E-14,1,0,0,0,1,1,0,011.305284457122998,20.0,1,10,2,1,1,1,0,017.373846735015434,3.3,1,1,0,0,1,1,1,124.49930849727879,80.0,0,0,0,0,1,0,1,122.76710409571983,12.0,1,8,0,0,1,1,1,1
2,1,1,199,4,6,68.2198303910646,14.0,1,0,0,0,1,1,1,168.21983039106465,14.0,1,6,0,0,1,1,1,14.052011400462464,9.4,1,3,0,0,1,1,1,19.375650232450552,20.0,1,12,0,0,1,1,1,18.81000095185034,80.0,1,13,3,1,1,1,1,18.810000951850325,80.0,1,14,2,0,1,1,1,156.339665366463684,2.4,1,2,0,0,1,1,1,180.16699041592426,21.0,1,8,0,0,1,1,1,11.2440733476152923,80.0,0,8,0,0,1,0,1,116.71309500431473,77.0,1,2,0,0,1,1,1,114.950576266296823,75.0,1,21,2,0,1,1,1,12.380976793206102,80.0,0,12,1,1,1,0,1,158.37653278596725,4.3E-10,1,0,0,0,1,1,0,033.89097182682855,8.4,1,8,0,0,1,1,0,05.468397059129444,65.0,1,7,2,0,1,1,1,120.176727048193907,62.0,1,11,2,1,1,1,1,120.176727048193932,62.0,1,10,1,0,1,1,1,110.733230103478858,20.0,1,6,1,0,1,1,1,129.81127767384012,15.0,1,2,1,0,1,1,1,148.32524568000372,60.0,1,8,1,0,1,1,1,134.78101678078501,27.0,1,8,1,0,1,1,1,120.26180306468882,23.0,1,6,1,0,1,1,1,120.694535761794402,14.0,1,5,0,0,1,1,1,126.99852800013016,7.5,1,5,1,1,1,0,1,111.30528445712304,41.0,1,8,0,0,1,1,1,121.101837246414817,35.0,1,15,0,0,1,1,0,117.52542210673483,34.0,1,0,0,0,1,1,0,111.305284457122998,20.0,1,10,2,1,1,1,0,017.373846735015434,3.3,1,1,0,0,1,1,1,124.49930849727879,80.0,0,0,0,0,1,0,1,122.76710409571983,12.0,1,8,0,0,1,1,1,1
2,1,2,199,14,18,68.2198303910646,24.0,1,0,0,0,1,1,1,168.21983039106465,4.1,1,6,0,0,1,1,1,04.052011400462464,9.4,1,3,0,0,1,1,1,19.375650232450552,20.0,1,12,0,0,1,1,1,08.81000095185034,80.0,1,13,3,1,1,0,1,18.810000951850325,79.0,1,14,2,0,1,1,1,156.339665366463684,2.4,1,2,0,0,1,1,1,180.16699041592426,21.0,1,8,0,0,1,1,1,01.2440733476152923,80.0,0,8,0,0,1,0,1,016.71309500431473,77.0,1,2,0,0,1,1,1,114.950576266296823,75.0,1,21,2,0,1,1,1,12.380976793206102,80.0,0,12,1,1,1,0,1,058.37653278596725,5.0E-14,0,0,0,0,1,0,0,033.89097182682855,8.4,1,8,0,0,1,1,0,05.468397059129444,65.0,1,7,2,0,1,1,1,120.176727048193907,55.0,1,11,2,1,1,1,1,020.176727048193932,70.0,1,10,1,0,1,1,1,110.733230103478858,20.0,1,6,1,0,1,1,1,029.81127767384012,15.0,1,2,1,0,1,1,1,148.32524568000372,60.0,1,8,1,0,1,1,1,134.78101678078501,27.0,1,8,1,0,1,1,1,020.26180306468882,23.0,1,6,1,0,1,1,1,120.694535761794402,14.0,1,5,0,0,1,0,1,126.99852800013016,7.5,1,5,1,1,1,1,1,111.30528445712304,41.0,1,8,0,0,1,1,1,121.101837246414817,35.0,1,15,0,0,1,1,0,117.52542210673483,34.0,1,0,0,0,1,1,0,111.305284457122998,20.0,1,10,2,1,1,1,0,017.373846735015434,3.3,1,1,0,0,1,1,1,124.49930849727879,80.0,0,0,0,0,1,0,1,022.76710409571983,12.0,1,8,0,0,1,1,1,0
2,1,3,176,13,19,68.2198303910646,24.0,1,0,0,0,1,1,1,168.21983039106465,4.1,1,6,0,0,1,1,1,04.052011400462464,9.4,1,3,0,0,1,1,1,19.375650232450552,20.0,1,12,0,0,1,1,1,08.81000095185034,78.0,1,13,3,1,1,1,1,18.810000951850325,80.0,0,14,2,0,1,0,1,056.339665366463684,2.4,1,2,0,0,1,1,1,180.16699041592426,21.0,1,8,0,0,1,1,1,01.2440733476152923,14.0,1,8,0,0,1,1,1,016.71309500431473,36.0,1,2,0,0,1,1,1,114.950576266296823,80.0,0,21,2,0,1,0,1,12.380976793206102,26.0,1,12,1,1,1,1,1,158.37653278596725,5.0E-14,0,0,0,0,1,0,0,033.89097182682855,80.0,0,8,0,0,1,0,0,05.468397059129444,54.0,1,7,2,0,1,1,1,120.176727048193907,68.0,1,11,2,1,1,0,1,120.176727048193932,56.0,1,10,1,0,1,1,1,110.733230103478858,20.0,1,6,1,0,1,1,1,029.81127767384012,15.0,1,2,1,0,1,1,1,148.32524568000372,41.0,1,8,1,0,1,1,1,134.78101678078501,27.0,1,8,1,0,1,1,1,020.26180306468882,23.0,1,6,1,0,1,1,1,120.694535761794402,14.0,1,5,0,0,1,0,1,126.99852800013016,7.5,1,5,1,1,1,1,1,111.30528445712304,41.0,1,8,0,0,1,1,1,121.101837246414817,30.0,1,15,0,0,1,1,0,117.52542210673483,29.0,1,0,0,0,1,1,0,111.305284457122998,20.0,1,10,2,1,1,1,0,117.373846735015434,3.3,1,1,0,0,1,1,1,124.49930849727879,80.0,0,0,0,0,1,0,1,022.76710409571983,12.0,1,8,0,0,1,1,1,0
2,2,0,198,4,5,67.65144145846416,21.0,1,0,0,0,1,1,1,167.6514414584642,21.0,1,6,0,0,1,1,1,17.6777492709677695,1.5,1,3,0,0,1,1,1,11.49911074480038,32.0,1,12,3,0,1,1,1,122.009758700292593,77.0,1,13,3,0,1,1,1,122.009758700292583,77.0,1,14,3,1,1,1,1,176.51478028279001,3.2,1,2,0,0,1,1,1,158.96184842049984,32.0,1,8,1,0,1,1,1,13.221718984360697,10.0,1,8,0,0,1,1,1,019.419586950046046,58.0,1,2,0,0,1,1,1,111.683312823273544,80.0,0,21,3,0,1,0,1,13.8855522069202113,39.0,1,12,2,0,1,1,1,159.95892677814639,5.0E-14,1,0,0,0,1,1,0,038.81600574220829,7.0,1,8,0,0,1,1,0,042.67227769201709,56.0,1,7,0,0,1,1,1,116.177066775204327,34.0,1,11,1,1,1,1,1,116.17706677520432,34.0,1,10,1,1,1,1,1,18.87304329780491,25.0,1,6,0,0,1,1,1,123.69233274924438,2.1,1,2,0,0,1,1,1,1106.92049745225442,32.0,1,8,0,0,1,1,1,135.123495988379595,31.0,1,8,1,1,1,1,1,124.543882287079878,36.0,1,6,1,0,1,1,1,16.241266811649719,20.0,1,5,1,1,1,1,1,110.744697402705386,16.0,1,5,1,0,1,0,1,123.71002316723928,37.0,1,8,0,0,1,1,1,132.29750986513801,34.0,1,15,0,0,1,1,0,027.11044517508509,27.0,1,0,0,0,1,1,0,123.71002316723921,22.0,1,10,0,0,1,1,0,012.547043436195624,3.2,1,1,0,0,1,1,1,129.178506075198747,80.0,0,0,0,0,1,0,1,133.68182222412446,0.45,1,8,0,0,1,1,1,1
2,2,1,198,4,7,67.65144145846416,21.0,1,0,0,0,1,1,1,167.6514414584642,21.0,1,6,0,0,1,1,1,17.6777492709677695,1.5,1,3,0,0,1,1,1,11.49911074480038,32.0,1,12,3,0,1,1,1,122.009758700292593,77.0,1,13,3,0,1,1,1,122.009758700292583,77.0,1,14,3,1,1,1,1,176.51478028279001,3.2,1,2,0,0,1,1,1,158.96184842049984,32.0,1,8,1,0,1,1,1,13.221718984360697,10.0,1,8,0,0,1,1,1,019.419586950046046,58.0,1,2,0,0,1,1,1,111.683312823273544,80.0,0,21,3,0,1,0,1,13.8855522069202113,39.0,1,12,2,0,1,1,1,159.95892677814639,4.3E-10,1,0,0,0,1,1,0,038.81600574220829,7.0,1,8,0,0,1,1,0,042.67227769201709,53.0,1,7,0,0,1,1,1,116.177066775204327,34.0,1,11,1,1,1,1,1,116.17706677520432,34.0,1,10,1,1,1,1,1,18.87304329780491,25.0,1,6,0,0,1,1,1,123.69233274924438,2.1,1,2,0,0,1,1,1,1106.92049745225442,37.0,1,8,0,0,1,1,1,135.123495988379595,31.0,1,8,1,1,1,1,1,124.543882287079878,36.0,1,6,1,0,1,1,1,16.241266811649719,20.0,1,5,1,1,1,1,1,110.744697402705386,16.0,1,5,1,0,1,0,1,123.71002316723928,37.0,1,8,0,0,1,1,1,132.29750986513801,39.0,1,15,0,0,1,0,0,127.11044517508509,25.0,1,0,0,0,1,1,0,123.71002316723921,22.0,1,10,0,0,1,1,0,012.547043436195624,3.2,1,1,0,0,1,1,1,129.178506075198747,80.0,0,0,0,0,1,0,1,133.68182222412446,0.45,1,8,0,0,1,1,1,1
2,2,2,198,10,15,67.65144145846416,20.0,1,0,0,0,1,1,1,167.6514414584642,22.0,1,6,0,0,1,0,1,17.6777492709677695,1.5,1,3,0,0,1,1,1,11.49911074480038,32.0,1,12,3,0,1,1,1,022.009758700292593,77.0,1,13,3,0,1,1,1,122.009758700292583,77.0,1,14,3,1,1,1,1,176.51478028279001,3.2,1,2,0,0,1,1,1,158.96184842049984,32.0,1,8,1,0,1,1,1,03.221718984360697,10.0,1,8,0,0,1,1,1,019.419586950046046,58.0,1,2,0,0,1,1,1,111.683312823273544,80.0,0,21,3,0,1,0,1,13.8855522069202113,39.0,1,12,2,0,1,1,1,059.95892677814639,4.3E-10,1,0,0,0,1,1,0,038.81600574220829,7.0,1,8,0,0,1,1,0,042.67227769201709,53.0,1,7,0,0,1,1,1,116.177066775204327,34.0,1,11,1,1,1,1,1,116.17706677520432,34.0,1,10,1,1,1,1,1,18.87304329780491,25.0,1,6,0,0,1,1,1,023.69233274924438,2.1,1,2,0,0,1,1,1,1106.92049745225442,37.0,1,8,0,0,1,1,1,135.123495988379595,31.0,1,8,1,1,1,1,1,024.543882287079878,36.0,1,6,1,0,1,1,1,16.241266811649719,20.0,1,5,1,1,1,0,1,110.744697402705386,16.0,1,5,1,0,1,1,1,123.71002316723928,37.0,1,8,0,0,1,1,1,132.29750986513801,39.0,1,15,0,0,1,0,0,127.11044517508509,25.0,1,0,0,0,1,1,0,123.71002316723921,22.0,1,10,0,0,1,1,0,012.547043436195624,3.2,1,1,0,0,1,1,1,129.178506075198747,80.0,0,0,0,0,1,0,1,033.68182222412446,0.45,1,8,0,0,1,1,1,0
2,3,0,219,3,4,56.634320259823,25.0,1,0,0,0,1,1,1,156.63432025982302,25.0,1,6,3,1,1,1,1,144.0467160281955,4.7,1,3,0,0,1,1,1,14.6667356688676005,30.0,1,12,1,0,1,1,1,117.913969921772697,78.0,1,13,0,0,1,1,1,16.022482080553335,78.0,1,14,3,1,1,1,1,143.86427703366271,1.3,1,2,0,0,1,1,1,172.46457636808562,14.0,1,8,0,0,1,1,1,15.24336833458893,20.0,1,8,0,0,1,1,1,012.070887221085837,71.0,1,2,0,0,1,1,1,120.87628223844608,48.0,1,21,1,0,1,1,1,15.731882930023318,17.0,1,12,0,0,1,1,1,137.58541572299653,5.0E-14,1,0,0,0,1,1,0,017.000432259255454,30.0,1,8,1,0,1,1,0,066.89137920114217,61.0,1,7,1,1,1,1,1,142.59089485409177,43.0,1,11,1,0,1,1,1,142.590894854091715,43.0,1,10,0,0,1,1,1,138.33354401480044,12.0,1,6,0,0,1,1,1,146.88783728910643,19.0,1,2,1,0,1,1,1,1118.80984129544655,47.0,1,8,2,1,1,1,1,121.985279177997096,38.0,1,8,1,0,1,1,1,112.067238661009787,21.0,1,6,1,0,1,1,1,126.593822128613663,21.0,1,5,1,0,1,1,1,034.37243734358808,6.0,1,5,1,0,1,1,1,116.5448280673333,49.0,1,8,1,0,1,1,1,129.48135680541999,44.0,1,15,1,1,1,1,0,015.690882429148362,55.0,1,0,0,0,1,1,0,116.544828067333185,28.0,1,10,1,0,1,1,0,04.56700312984093,3.9,1,1,0,0,1,1,1,142.54215181556024,80.0,0,0,0,0,1,0,1,150.03155743588681,21.0,1,8,0,0,1,1,1,1
2,3,1,219,3,6,56.634320259823,25.0,1,0,0,0,1,1,1,156.63432025982302,25.0,1,6,3,1,1,1,1,144.0467160281955,4.7,1,3,0,0,1,1,1,14.6667356688676005,30.0,1,12,1,0,1,1,1,117.913969921772697,78.0,1,13,0,0,1,1,1,16.022482080553335,78.0,1,14,3,1,1,1,1,143.86427703366271,1.3,1,2,0,0,1,1,1,172.46457636808562,14.0,1,8,0,0,1,1,1,15.24336833458893,20.0,1,8,0,0,1,1,1,012.070887221085837,71.0,1,2,0,0,1,1,1,120.87628223844608,48.0,1,21,1,0,1,1,1,15.731882930023318,17.0,1,12,0,0,1,1,1,037.58541572299653,5.0E-14,1,0,0,0,1,1,0,017.000432259255454,30.0,1,8,1,0,1,1,0,066.89137920114217,61.0,1,7,1,1,1,1,1,142.59089485409177,43.0,1,11,1,0,1,1,1,142.590894854091715,43.0,1,10,0,0,1,1,1,138.33354401480044,12.0,1,6,0,0,1,1,1,146.88783728910643,19.0,1,2,1,0,1,1,1,1118.80984129544655,47.0,1,8,2,1,1,1,1,121.985279177997096,38.0,1,8,1,0,1,1,1,112.067238661009787,21.0,1,6,1,0,1,1,1,126.593822128613663,21.0,1,5,1,0,1,1,1,034.37243734358808,6.0,1,5,1,0,1,1,1,116.5448280673333,49.0,1,8,1,0,1,1,1,129.48135680541999,44.0,1,15,1,1,1,1,0,015.690882429148362,55.0,1,0,0,0,1,1,0,116.544828067333185,28.0,1,10,1,0,1,1,0,14.56700312984093,3.9,1,1,0,0,1,1,1,142.54215181556024,80.0,0,0,0,0,1,0,1,150.03155743588681,21.0,1,8,0,0,1,1,1,1
2,3,2,219,3,8,56.634320259823,25.0,1,0,0,0,1,1,1,156.63432025982302,25.0,1,6,3,1,1,1,1,144.0467160281955,4.7,1,3,0,0,1,1,1,14.6667356688676005,30.0,1,12,1,0,1,1,1,117.913969921772697,78.0,1,13,0,0,1,1,1,16.022482080553335,78.0,1,14,3,1,1,1,1,143.86427703366271,1.3,1,2,0,0,1,1,1,172.46457636808562,14.0,1,8,0,0,1,1,1,15.24336833458893,20.0,1,8,0,0,1,1,1,012.070887221085837,71.0,1,2,0,0,1,1,1,120.87628223844608,48.0,1,21,1,0,1,1,1,15.731882930023318,17.0,1,12,0,0,1,1,1,037.58541572299653,4.3E-10,1,0,0,0,1,1,0,017.000432259255454,30.0,1,8,1,0,1,1,0,066.89137920114217,61.0,1,7,1,1,1,1,1,142.59089485409177,43.0,1,11,1,0,1,1,1,142.590894854091715,43.0,1,10,0,0,1,1,1,138.33354401480044,12.0,1,6,0,0,1,1,1,146.88783728910643,19.0,1,2,1,0,1,1,1,1118.80984129544655,46.0,1,8,2,1,1,1,1,121.985279177997096,38.0,1,8,1,0,1,1,1,112.067238661009787,21.0,1,6,1,0,1,1,1,126.593822128613663,21.0,1,5,1,0,1,1,1,134.37243734358808,6.0,1,5,1,0,1,0,1,116.5448280673333,49.0,1,8,1,0,1,1,1,129.48135680541999,49.0,1,15,1,1,1,1,0,115.690882429148362,49.0,1,0,0,0,1,0,0,116.544828067333185,28.0,1,10,1,0,1,1,0,14.56700312984093,3.9,1,1,0,0,1,1,1,142.54215181556024,80.0,0,0,0,0,1,0,1,150.03155743588681,21.0,1,8,0,0,1,1,1,1
2,3,3,219,3,7,56.634320259823,25.0,1,0,0,0,1,1,1,156.63432025982302,25.0,1,6,3,1,1,1,1,144.0467160281955,4.7,1,3,0,0,1,1,1,14.6667356688676005,30.0,1,12,1,0,1,1,1,117.913969921772697,78.0,1,13,0,0,1,1,1,16.022482080553335,78.0,1,14,3,1,1,1,1,143.86427703366271,1.3,1,2,0,0,1,1,1,172.46457636808562,14.0,1,8,0,0,1,1,1,15.24336833458893,20.0,1,8,0,0,1,1,1,012.070887221085837,71.0,1,2,0,0,1,1,1,120.87628223844608,48.0,1,21,1,0,1,1,1,15.731882930023318,17.0,1,12,0,0,1,1,1,037.58541572299653,4.3E-10,1,0,0,0,1,1,0,017.000432259255454,30.0,1,8,1,0,1,1,0,066.89137920114217,61.0,1,7,1,1,1,1,1,142.59089485409177,43.0,1,11,1,0,1,1,1,142.590894854091715,43.0,1,10,0,0,1,1,1,138.33354401480044,12.0,1,6,0,0,1,1,1,146.88783728910643,19.0,1,2,1,0,1,1,1,1118.80984129544655,46.0,1,8,2,1,1,1,1,121.985279177997096,38.0,1,8,1,0,1,1,1,112.067238661009787,21.0,1,6,1,0,1,1,1,126.593822128613663,21.0,1,5,1,0,1,1,1,134.37243734358808,6.0,1,5,1,0,1,0,1,116.5448280673333,49.0,1,8,1,0,1,1,1,129.48135680541999,50.0,1,15,1,1,1,1,0,115.690882429148362,49.0,1,0,0,0,1,1,0,116.544828067333185,28.0,1,10,1,0,1,1,0,14.56700312984093,3.9,1,1,0,0,1,1,1,142.54215181556024,80.0,0,0,0,0,1,0,1,150.03155743588681,21.0,1,8,0,0,1,1,1,1
2,4,0,207,3,3,57.451005041655534,30.0,1,0,0,0,1,1,1,157.45100504165558,30.0,1,6,1,0,1,1,1,136.31635352340598,2.8,1,3,0,0,1,1,1,12.7878190589335627,14.0,1,12,0,0,1,1,1,16.442142418300194,76.0,1,13,0,0,1,1,1,14.400546816852597,76.0,1,14,4,0,1,1,1,141.78204732987782,4.7,1,2,0,0,1,1,1,182.43832941060194,20.0,1,8,0,0,1,1,1,13.5808209886518934,10.0,1,8,0,0,1,1,1,112.855121437946876,71.0,1,2,0,0,1,1,1,112.430948838199464,69.0,1,21,5,2,1,1,1,12.273169258440968,80.0,0,12,1,0,1,0,1,169.92790314251374,4.3E-10,1,0,0,0,1,1,0,029.2738365006443,16.0,1,8,0,0,1,1,0,037.32915843685468,78.0,1,7,0,0,1,1,1,117.830524583438862,44.0,1,11,0,0,1,1,1,117.830524583438905,44.0,1,10,2,1,1,1,1,120.909378081971454,13.0,1,6,1,1,1,1,1,114.781207016733386,25.0,1,2,2,0,1,1,1,180.26038485167622,42.0,1,8,1,0,1,1,1,144.73556635383019,24.0,1,8,0,0,1,1,1,123.222716992976977,19.0,1,6,1,0,1,1,1,125.886447574120748,17.0,1,5,0,0,1,1,1,026.75904271869444,41.0,1,5,0,0,1,1,1,113.06147116466272,42.0,1,8,0,0,1,1,1,118.99198962098768,35.0,1,15,1,0,1,1,0,014.619669800978134,2.8E-13,1,0,0,0,1,1,0,013.061471164662644,27.0,1,10,2,1,1,1,0,031.37552617871233,0.096,1,1,0,0,1,1,1,128.8991529614316,0.0,1,0,0,0,1,1,1,133.997791004202824,14.0,1,8,0,0,1,1,1,0
2,4,1,207,3,5,57.451005041655534,30.0,1,0,0,0,1,1,1,157.45100504165558,30.0,1,6,1,0,1,1,1,136.31635352340598,2.8,1,3,0,0,1,1,1,12.7878190589335627,14.0,1,12,0,0,1,1,1,16.442142418300194,76.0,1,13,0,0,1,1,1,14.400546816852597,76.0,1,14,4,0,1,1,1,141.78204732987782,4.7,1,2,0,0,1,1,1,182.43832941060194,20.0,1,8,0,0,1,1,1,13.5808209886518934,10.0,1,8,0,0,1,1,1,112.855121437946876,71.0,1,2,0,0,1,1,1,112.430948838199464,69.0,1,21,5,2,1,1,1,12.273169258440968,80.0,0,12,1,0,1,0,1,169.92790314251374,4.3E-10,1,0,0,0,1,1,0,029.2738365006443,16.0,1,8,0,0,1,1,0,037.32915843685468,53.0,1,7,0,0,1,1,1,117.830524583438862,44.0,1,11,0,0,1,1,1,117.830524583438905,44.0,1,10,2,1,1,1,1,120.909378081971454,13.0,1,6,1,1,1,1,1,114.781207016733386,25.0,1,2,2,0,1,1,1,180.26038485167622,18.0,1,8,1,0,1,1,1,144.73556635383019,24.0,1,8,0,0,1,1,1,123.222716992976977,19.0,1,6,1,0,1,1,1,125.886447574120748,17.0,1,5,0,0,1,1,1,026.75904271869444,41.0,1,5,0,0,1,1,1,013.06147116466272,42.0,1,8,0,0,1,1,1,118.99198962098768,60.0,1,15,1,0,1,1,0,114.619669800978134,9.7E-14,1,0,0,0,1,1,0,013.061471164662644,27.0,1,10,2,1,1,1,0,031.37552617871233,0.096,1,1,0,0,1,1,1,128.8991529614316,80.0,0,0,0,0,1,0,1,133.997791004202824,14.0,1,8,0,0,1,1,1,1
2,4,2,207,4,6,57.451005041655534,30.0,1,0,0,0,1,1,1,157.45100504165558,30.0,1,6,1,0,1,1,1,136.31635352340598,2.8,1,3,0,0,1,1,1,12.7878190589335627,14.0,1,12,0,0,1,1,1,16.442142418300194,76.0,1,13,0,0,1,1,1,14.400546816852597,76.0,1,14,4,0,1,1,1,141.78204732987782,4.7,1,2,0,0,1,1,1,182.43832941060194,20.0,1,8,0,0,1,1,1,13.5808209886518934,10.0,1,8,0,0,1,1,1,112.855121437946876,71.0,1,2,0,0,1,1,1,112.430948838199464,69.0,1,21,5,2,1,1,1,12.273169258440968,80.0,0,12,1,0,1,0,1,169.92790314251374,4.3E-10,1,0,0,0,1,1,0,029.2738365006443,16.0,1,8,0,0,1,1,0,037.32915843685468,43.0,1,7,0,0,1,1,1,117.830524583438862,44.0,1,11,0,0,1,1,1,117.830524583438905,44.0,1,10,2,1,1,1,1,120.909378081971454,13.0,1,6,1,1,1,1,1,114.781207016733386,25.0,1,2,2,0,1,1,1,180.26038485167622,30.0,1,8,1,0,1,1,1,144.73556635383019,24.0,1,8,0,0,1,1,1,123.222716992976977,19.0,1,6,1,0,1,1,1,125.886447574120748,17.0,1,5,0,0,1,1,1,026.75904271869444,41.0,1,5,0,0,1,1,1,113.06147116466272,42.0,1,8,0,0,1,1,1,118.99198962098768,40.0,1,15,1,0,1,0,0,114.619669800978134,29.0,1,0,0,0,1,1,0,113.061471164662644,27.0,1,10,2,1,1,1,0,031.37552617871233,0.096,1,1,0,0,1,1,1,128.8991529614316,80.0,0,0,0,0,1,0,1,133.997791004202824,14.0,1,8,0,0,1,1,1,1
2,4,3,207,12,17,57.451005041655534,23.0,1,0,0,0,1,0,1,157.45100504165558,37.0,1,6,1,0,1,1,1,136.31635352340598,2.8,1,3,0,0,1,1,1,12.7878190589335627,14.0,1,12,0,0,1,1,1,06.442142418300194,76.0,1,13,0,0,1,1,1,14.400546816852597,76.0,1,14,4,0,1,1,1,141.78204732987782,4.7,1,2,0,0,1,1,1,182.43832941060194,20.0,1,8,0,0,1,1,1,03.5808209886518934,10.0,1,8,0,0,1,1,1,012.855121437946876,71.0,1,2,0,0,1,1,1,112.430948838199464,69.0,1,21,5,2,1,1,1,12.273169258440968,80.0,0,12,1,0,1,0,1,069.92790314251374,4.3E-10,1,0,0,0,1,1,0,029.2738365006443,16.0,1,8,0,0,1,1,0,137.32915843685468,43.0,1,7,0,0,1,1,1,117.830524583438862,41.0,1,11,0,0,1,1,1,117.830524583438905,47.0,1,10,2,1,1,0,1,120.909378081971454,13.0,1,6,1,1,1,1,1,014.781207016733386,25.0,1,2,2,0,1,1,1,180.26038485167622,30.0,1,8,1,0,1,1,1,144.73556635383019,24.0,1,8,0,0,1,1,1,023.222716992976977,19.0,1,6,1,0,1,1,1,125.886447574120748,17.0,1,5,0,0,1,1,1,026.75904271869444,41.0,1,5,0,0,1,1,1,113.06147116466272,42.0,1,8,0,0,1,1,1,118.99198962098768,40.0,1,15,1,0,1,0,0,114.619669800978134,29.0,1,0,0,0,1,1,0,113.061471164662644,27.0,1,10,2,1,1,1,0,031.37552617871233,0.096,1,1,0,0,1,1,1,128.8991529614316,80.0,0,0,0,0,1,0,1,033.997791004202824,14.0,1,8,0,0,1,1,1,0
2,5,0,219,3,3,29.852812390242363,28.0,1,0,0,0,1,1,1,129.852812390242384,28.0,1,6,1,0,1,1,1,128.303171339717277,3.8,1,3,0,0,1,1,1,13.7909697003314506,12.0,1,12,1,0,1,1,1,16.94014858927382,60.0,1,13,2,0,1,1,1,12.546451690895847,60.0,1,14,1,0,1,1,1,123.7723054642457,6.0,1,2,0,0,1,1,1,136.11534974076254,21.0,1,8,0,0,1,1,1,12.5702375568124074,13.0,1,8,1,1,1,1,1,118.03056988112871,77.0,1,2,0,0,1,1,1,122.498400236304892,41.0,1,21,3,2,1,1,1,15.140475113624813,26.0,1,12,1,0,1,1,1,047.276580210227195,5.0E-14,1,0,0,0,1,1,0,026.30296855861511,24.0,1,8,1,0,1,1,0,047.07305375651211,79.0,1,7,0,0,1,1,1,120.6281644846116,41.0,1,11,1,0,1,1,1,120.628164484611634,41.0,1,10,1,0,1,1,1,130.75604124393245,5.6,1,6,0,0,1,1,1,110.903111535363367,3.0,1,2,0,0,1,1,1,1110.56941906194035,26.0,1,8,0,0,1,1,1,145.13750384256022,33.0,1,8,1,0,1,1,1,15.5824679914863955,31.0,1,6,1,0,1,1,1,16.634436422950516,14.0,1,5,0,0,1,1,1,110.299057833000642,16.0,1,5,1,0,1,1,1,011.32363953797674,45.0,1,8,1,0,1,1,1,126.238711479404948,24.0,1,15,1,1,1,1,0,023.28292939940601,4.1E-13,1,0,0,0,1,1,0,011.323639537976655,24.0,1,10,3,1,1,1,0,011.938799743342514,2.1,1,1,0,0,1,1,1,132.41205728176433,0.0,1,0,0,0,1,1,1,134.945220937807484,12.0,1,8,0,0,1,1,1,0
2,5,1,219,3,6,29.852812390242363,28.0,1,0,0,0,1,1,1,129.852812390242384,28.0,1,6,1,0,1,1,1,128.303171339717277,3.8,1,3,0,0,1,1,1,13.7909697003314506,12.0,1,12,1,0,1,1,1,16.94014858927382,60.0,1,13,2,0,1,1,1,12.546451690895847,60.0,1,14,1,0,1,1,1,123.7723054642457,6.0,1,2,0,0,1,1,1,136.11534974076254,21.0,1,8,0,0,1,1,1,12.5702375568124074,13.0,1,8,1,1,1,1,1,118.03056988112871,77.0,1,2,0,0,1,1,1,122.498400236304892,41.0,1,21,3,2,1,1,1,15.140475113624813,26.0,1,12,1,0,1,1,1,047.276580210227195,5.0E-14,1,0,0,0,1,1,0,026.30296855861511,24.0,1,8,1,0,1,1,0,047.07305375651211,45.0,1,7,0,0,1,1,1,120.6281644846116,41.0,1,11,1,0,1,1,1,120.628164484611634,41.0,1,10,1,0,1,1,1,130.75604124393245,5.6,1,6,0,0,1,1,1,110.903111535363367,3.0,1,2,0,0,1,1,1,1110.56941906194035,30.0,1,8,0,0,1,1,1,145.13750384256022,33.0,1,8,1,0,1,1,1,15.5824679914863955,31.0,1,6,1,0,1,1,1,16.634436422950516,14.0,1,5,0,0,1,1,1,110.299057833000642,16.0,1,5,1,0,1,0,1,111.32363953797674,45.0,1,8,1,0,1,1,1,126.238711479404948,36.0,1,15,1,1,1,1,0,123.28292939940601,22.0,1,0,0,0,1,0,0,111.323639537976655,24.0,1,10,3,1,1,1,0,011.938799743342514,2.1,1,1,0,0,1,1,1,132.41205728176433,80.0,0,0,0,0,1,0,1,134.945220937807484,12.0,1,8,0,0,1,1,1,1
2,5,2,219,3,7,29.852812390242363,28.0,1,0,0,0,1,1,1,129.852812390242384,28.0,1,6,1,0,1,1,1,128.303171339717277,3.8,1,3,0,0,1,1,1,13.7909697003314506,12.0,1,12,1,0,1,1,1,16.94014858927382,60.0,1,13,2,0,1,1,1,12.546451690895847,60.0,1,14,1,0,1,1,1,123.7723054642457,6.0,1,2,0,0,1,1,1,136.11534974076254,21.0,1,8,0,0,1,1,1,12.5702375568124074,13.0,1,8,1,1,1,1,1,118.03056988112871,77.0,1,2,0,0,1,1,1,122.498400236304892,41.0,1,21,3,2,1,1,1,15.140475113624813,26.0,1,12,1,0,1,1,1,047.276580210227195,4.3E-10,1,0,0,0,1,1,0,126.30296855861511,24.0,1,8,1,0,1,1,0,047.07305375651211,45.0,1,7,0,0,1,1,1,120.6281644846116,41.0,1,11,1,0,1,1,1,120.628164484611634,41.0,1,10,1,0,1,1,1,130.75604124393245,5.6,1,6,0,0,1,1,1,110.903111535363367,3.0,1,2,0,0,1,1,1,1110.56941906194035,30.0,1,8,0,0,1,1,1,145.13750384256022,33.0,1,8,1,0,1,1,1,15.5824679914863955,31.0,1,6,1,0,1,1,1,16.634436422950516,14.0,1,5,0,0,1,0,1,110.299057833000642,16.0,1,5,1,0,1,1,1,111.32363953797674,45.0,1,8,1,0,1,1,1,126.238711479404948,36.0,1,15,1,1,1,1,0,123.28292939940601,22.0,1,0,0,0,1,0,0,111.323639537976655,24.0,1,10,3,1,1,1,0,011.938799743342514,2.1,1,1,0,0,1,1,1,132.41205728176433,80.0,0,0,0,0,1,0,1,134.945220937807484,12.0,1,8,0,0,1,1,1,1
2,5,3,219,10,16,29.852812390242363,28.0,1,0,0,0,1,1,1,129.852812390242384,28.0,1,6,1,0,1,1,1,128.303171339717277,3.8,1,3,0,0,1,1,1,13.7909697003314506,12.0,1,12,1,0,1,1,1,06.94014858927382,60.0,1,13,2,0,1,1,1,12.546451690895847,60.0,1,14,1,0,1,1,1,123.7723054642457,6.0,1,2,0,0,1,1,1,136.11534974076254,21.0,1,8,0,0,1,1,1,02.5702375568124074,13.0,1,8,1,1,1,1,1,018.03056988112871,77.0,1,2,0,0,1,1,1,122.498400236304892,41.0,1,21,3,2,1,1,1,15.140475113624813,26.0,1,12,1,0,1,1,1,147.276580210227195,5.0E-14,0,0,0,0,1,0,0,026.30296855861511,24.0,1,8,1,0,1,1,0,047.07305375651211,45.0,1,7,0,0,1,1,1,120.6281644846116,38.0,1,11,1,0,1,0,1,120.628164484611634,44.0,1,10,1,0,1,1,1,130.75604124393245,5.6,1,6,0,0,1,1,1,010.903111535363367,3.0,1,2,0,0,1,1,1,1110.56941906194035,30.0,1,8,0,0,1,1,1,145.13750384256022,33.0,1,8,1,0,1,1,1,05.5824679914863955,31.0,1,6,1,0,1,1,1,16.634436422950516,14.0,1,5,0,0,1,1,1,010.299057833000642,16.0,1,5,1,0,1,1,1,011.32363953797674,45.0,1,8,1,0,1,1,1,126.238711479404948,36.0,1,15,1,1,1,1,0,123.28292939940601,22.0,1,0,0,0,1,0,0,111.323639537976655,24.0,1,10,3,1,1,1,0,111.938799743342514,2.1,1,1,0,0,1,1,1,132.41205728176433,80.0,0,0,0,0,1,0,1,034.945220937807484,12.0,1,8,0,0,1,1,1,0
2,5,4,213,10,16,29.852812390242363,28.0,1,0,0,0,1,1,1,129.852812390242384,28.0,1,6,1,0,1,1,1,128.303171339717277,3.8,1,3,0,0,1,1,1,13.7909697003314506,12.0,1,12,1,0,1,1,1,06.94014858927382,60.0,1,13,2,0,1,1,1,12.546451690895847,60.0,1,14,1,0,1,1,1,123.7723054642457,6.0,1,2,0,0,1,1,1,136.11534974076254,21.0,1,8,0,0,1,1,1,02.5702375568124074,13.0,1,8,1,1,1,1,1,018.03056988112871,77.0,1,2,0,0,1,1,1,122.498400236304892,41.0,1,21,3,2,1,1,1,15.140475113624813,26.0,1,12,1,0,1,1,1,147.276580210227195,5.0E-14,0,0,0,0,1,0,0,026.30296855861511,24.0,1,8,1,0,1,1,0,047.07305375651211,46.0,1,7,0,0,1,1,1,120.6281644846116,41.0,1,11,1,0,1,1,1,120.628164484611634,41.0,1,10,1,0,1,1,1,130.75604124393245,5.6,1,6,0,0,1,1,1,010.903111535363367,3.0,1,2,0,0,1,1,1,1110.56941906194035,29.0,1,8,0,0,1,1,1,145.13750384256022,33.0,1,8,1,0,1,1,1,05.5824679914863955,31.0,1,6,1,0,1,1,1,16.634436422950516,14.0,1,5,0,0,1,1,1,010.299057833000642,80.0,0,5,1,0,1,0,1,011.32363953797674,45.0,1,8,1,0,1,1,1,126.238711479404948,28.0,1,15,1,1,1,1,0,123.28292939940601,27.0,1,0,0,0,1,1,0,111.323639537976655,24.0,1,10,3,1,1,1,0,111.938799743342514,80.0,0,1,0,0,1,0,1,132.41205728176433,80.0,0,0,0,0,1,0,1,034.945220937807484,12.0,1,8,0,0,1,1,1,0
3,1,0,168,5,6,94.55526467440113,33.0,1,0,0,0,1,1,1,194.5552646744012,33.0,1,6,1,0,1,1,1,115.526397689683208,9.4,1,3,0,0,1,1,1,19.375650232450516,20.0,1,12,0,0,1,1,1,19.909771552340644,80.0,1,13,5,0,1,1,1,15.758056752186645,80.0,1,14,6,0,1,1,1,177.44983731067666,2.4,1,2,0,0,1,1,1,1111.7090205198593,48.0,1,8,3,0,1,1,1,13.846340195083364,80.0,0,8,3,0,1,0,1,131.006802771733984,14.0,1,2,1,0,1,1,1,045.63986011481707,80.0,0,21,6,0,1,1,1,12.6749739497041145,80.0,0,12,1,0,1,1,1,181.5641205280906,5.0E-14,1,0,0,0,1,1,0,033.89097182682855,18.0,1,8,1,0,1,1,0,032.196707426936726,72.0,1,7,3,0,1,1,1,132.54505930314768,59.0,1,11,3,0,1,1,1,132.54505930314768,59.0,1,10,2,0,1,1,1,122.796506396613772,20.0,1,6,1,0,1,1,1,142.37642991472692,15.0,1,2,1,0,1,1,1,1107.5531269506372,53.0,1,8,2,0,1,1,1,146.33088294758904,27.0,1,8,1,0,1,1,1,120.261803064688895,34.0,1,6,2,0,1,1,1,125.444720726565816,31.0,1,5,2,0,1,0,1,136.42699522479914,23.0,1,5,1,0,1,1,1,123.973430153470492,40.0,1,8,2,0,1,1,1,021.101837246414824,34.0,1,15,2,0,1,1,0,026.282690355128068,60.0,1,0,0,0,1,1,0,123.973430153470446,80.0,0,10,4,0,1,1,0,017.373846735015356,3.3,1,1,0,0,1,1,1,148.15600430992342,80.0,0,0,0,0,1,0,1,146.279407370000996,23.0,1,8,1,0,1,1,1,1
3,1,1,168,5,7,94.55526467440113,33.0,1,0,0,0,1,1,1,194.5552646744012,33.0,1,6,1,0,1,1,1,115.526397689683208,9.4,1,3,0,0,1,1,1,19.375650232450516,20.0,1,12,0,0,1,1,1,19.909771552340644,80.0,1,13,5,0,1,1,1,15.758056752186645,80.0,1,14,6,0,1,1,1,177.44983731067666,2.4,1,2,0,0,1,1,1,1111.7090205198593,48.0,1,8,3,0,1,1,1,13.846340195083364,80.0,0,8,3,0,1,0,1,131.006802771733984,14.0,1,2,1,0,1,1,1,045.63986011481707,80.0,0,21,6,0,1,1,1,12.6749739497041145,80.0,0,12,1,0,1,1,1,181.5641205280906,5.0E-14,1,0,0,0,1,1,0,033.89097182682855,18.0,1,8,1,0,1,1,0,032.196707426936726,77.0,1,7,3,0,1,1,1,132.54505930314768,59.0,1,11,3,0,1,1,1,132.54505930314768,59.0,1,10,2,0,1,1,1,122.796506396613772,20.0,1,6,1,0,1,1,1,142.37642991472692,15.0,1,2,1,0,1,1,1,1107.5531269506372,57.0,1,8,2,0,1,1,1,146.33088294758904,27.0,1,8,1,0,1,1,1,120.261803064688895,34.0,1,6,2,0,1,1,1,125.444720726565816,31.0,1,5,2,0,1,1,1,136.42699522479914,23.0,1,5,1,0,1,1,1,023.973430153470492,40.0,1,8,2,0,1,1,1,021.101837246414824,49.0,1,15,2,0,1,1,0,126.282690355128068,47.0,1,0,0,0,1,1,0,123.973430153470446,80.0,0,10,4,0,1,1,0,017.373846735015356,3.3,1,1,0,0,1,1,1,148.15600430992342,80.0,0,0,0,0,1,0,1,146.279407370000996,23.0,1,8,1,0,1,1,1,1
3,1,2,168,5,10,94.55526467440113,33.0,1,0,0,0,1,1,1,194.5552646744012,33.0,1,6,1,0,1,1,1,115.526397689683208,9.4,1,3,0,0,1,1,1,19.375650232450516,20.0,1,12,0,0,1,1,1,19.909771552340644,80.0,1,13,5,0,1,1,1,15.758056752186645,80.0,1,14,6,0,1,1,1,177.44983731067666,2.4,1,2,0,0,1,1,1,1111.7090205198593,48.0,1,8,3,0,1,1,1,13.846340195083364,80.0,0,8,3,0,1,0,1,131.006802771733984,14.0,1,2,1,0,1,1,1,145.63986011481707,80.0,0,21,6,0,1,0,1,12.6749739497041145,80.0,0,12,1,0,1,0,1,181.5641205280906,4.3E-10,1,0,0,0,1,1,0,033.89097182682855,18.0,1,8,1,0,1,1,0,032.196707426936726,77.0,1,7,3,0,1,1,1,132.54505930314768,59.0,1,11,3,0,1,1,1,132.54505930314768,59.0,1,10,2,0,1,1,1,122.796506396613772,20.0,1,6,1,0,1,1,1,142.37642991472692,15.0,1,2,1,0,1,1,1,1107.5531269506372,57.0,1,8,2,0,1,1,1,146.33088294758904,27.0,1,8,1,0,1,1,1,120.261803064688895,34.0,1,6,2,0,1,1,1,125.444720726565816,31.0,1,5,2,0,1,1,1,036.42699522479914,23.0,1,5,1,0,1,1,1,023.973430153470492,40.0,1,8,2,0,1,1,1,021.101837246414824,49.0,1,15,2,0,1,1,0,126.282690355128068,47.0,1,0,0,0,1,1,0,123.973430153470446,80.0,0,10,4,0,1,0,0,017.373846735015356,3.3,1,1,0,0,1,1,1,148.15600430992342,80.0,0,0,0,0,1,0,1,146.279407370000996,23.0,1,8,1,0,1,1,1,1
3,1,3,168,13,19,94.55526467440113,51.0,1,0,0,0,1,1,1,194.5552646744012,16.0,1,6,1,0,1,1,1,015.526397689683208,9.4,1,3,0,0,1,1,1,19.375650232450516,20.0,1,12,0,0,1,1,1,09.909771552340644,80.0,1,13,5,0,1,1,1,15.758056752186645,80.0,1,14,6,0,1,1,1,177.44983731067666,2.4,1,2,0,0,1,1,1,1111.7090205198593,48.0,1,8,3,0,1,1,1,03.846340195083364,80.0,0,8,3,0,1,0,1,031.006802771733984,14.0,1,2,1,0,1,1,1,145.63986011481707,80.0,0,21,6,0,1,0,1,12.6749739497041145,80.0,0,12,1,0,1,0,1,081.5641205280906,4.3E-10,1,0,0,0,1,1,0,033.89097182682855,18.0,1,8,1,0,1,1,0,032.196707426936726,68.0,1,7,3,0,1,1,1,132.54505930314768,59.0,1,11,3,0,1,1,1,132.54505930314768,59.0,1,10,2,0,1,1,1,122.796506396613772,20.0,1,6,1,0,1,1,1,042.37642991472692,15.0,1,2,1,0,1,1,1,1107.5531269506372,58.0,1,8,2,0,1,1,1,146.33088294758904,27.0,1,8,1,0,1,1,1,020.261803064688895,34.0,1,6,2,0,1,1,1,125.444720726565816,31.0,1,5,2,0,1,1,1,036.42699522479914,23.0,1,5,1,0,1,1,1,123.973430153470492,40.0,1,8,2,0,1,1,1,021.101837246414824,57.0,1,15,2,0,1,1,0,126.282690355128068,42.0,1,0,0,0,1,0,0,123.973430153470446,80.0,0,10,4,0,1,0,0,017.373846735015356,3.3,1,1,0,0,1,1,1,148.15600430992342,80.0,0,0,0,0,1,0,1,046.279407370000996,23.0,1,8,1,0,1,1,1,0
3,2,0,178,4,5,84.21410918988987,27.0,1,0,0,0,1,1,1,184.21410918988992,27.0,1,6,1,0,1,1,1,119.363062511601488,1.5,1,3,0,0,1,1,1,11.4991107448003895,52.0,1,12,5,0,1,1,1,128.482243354942938,69.0,1,13,3,0,1,1,1,112.647807218090731,69.0,1,14,6,0,1,1,1,176.51478028279001,3.2,1,2,0,0,1,1,1,192.18320305735021,32.0,1,8,1,0,1,1,1,11.947672585422502,80.0,0,8,3,0,1,0,1,130.22891423375418,8.8,1,2,0,0,1,1,1,041.385422811849466,80.0,0,21,4,0,1,1,1,12.3007429211341477,80.0,0,12,3,0,1,1,1,168.64899091389634,5.0E-14,1,0,0,0,1,1,0,040.8328608662882,33.0,1,8,3,0,1,1,0,052.5837797521182,76.0,1,7,2,0,1,1,1,141.871193589221996,61.0,1,11,1,0,1,1,1,141.87119358922196,61.0,1,10,2,0,1,1,1,142.66692570804794,48.0,1,6,2,0,1,1,1,141.09734083621901,2.1,1,2,0,0,1,1,1,1155.5142283142141,62.0,1,8,2,0,1,1,1,146.52805683371729,51.0,1,8,3,0,1,1,1,148.021718776915364,36.0,1,6,1,0,1,1,1,113.636272560520279,43.0,1,5,2,0,1,0,1,125.596393113822693,31.0,1,5,3,0,1,1,1,133.3612423024418,46.0,1,8,2,0,1,1,1,140.321801456684696,43.0,1,15,1,0,1,1,0,027.110445175085086,69.0,1,0,0,0,1,1,0,133.36124230244168,13.0,1,10,2,0,1,1,0,023.68840830132722,3.2,1,1,0,0,1,1,1,147.51778986453126,80.0,0,0,0,0,1,0,1,149.82733812622866,24.0,1,8,2,0,1,1,1,1
3,2,1,178,4,6,84.21410918988987,27.0,1,0,0,0,1,1,1,184.21410918988992,27.0,1,6,1,0,1,1,1,119.363062511601488,1.5,1,3,0,0,1,1,1,11.4991107448003895,52.0,1,12,5,0,1,1,1,128.482243354942938,69.0,1,13,3,0,1,1,1,112.647807218090731,69.0,1,14,6,0,1,1,1,176.51478028279001,3.2,1,2,0,0,1,1,1,192.18320305735021,32.0,1,8,1,0,1,1,1,11.947672585422502,80.0,0,8,3,0,1,0,1,130.22891423375418,8.8,1,2,0,0,1,1,1,041.385422811849466,80.0,0,21,4,0,1,1,1,12.3007429211341477,80.0,0,12,3,0,1,1,1,168.64899091389634,5.0E-14,1,0,0,0,1,1,0,040.8328608662882,33.0,1,8,3,0,1,1,0,052.5837797521182,75.0,1,7,2,0,1,1,1,141.871193589221996,61.0,1,11,1,0,1,1,1,141.87119358922196,61.0,1,10,2,0,1,1,1,142.66692570804794,48.0,1,6,2,0,1,1,1,141.09734083621901,2.1,1,2,0,0,1,1,1,1155.5142283142141,66.0,1,8,2,0,1,1,1,146.52805683371729,51.0,1,8,3,0,1,1,1,148.021718776915364,36.0,1,6,1,0,1,1,1,113.636272560520279,43.0,1,5,2,0,1,0,1,125.596393113822693,31.0,1,5,3,0,1,1,1,133.3612423024418,46.0,1,8,2,0,1,1,1,140.321801456684696,57.0,1,15,1,0,1,1,0,127.110445175085086,56.0,1,0,0,0,1,1,0,133.36124230244168,13.0,1,10,2,0,1,1,0,023.68840830132722,3.2,1,1,0,0,1,1,1,147.51778986453126,80.0,0,0,0,0,1,0,1,149.82733812622866,24.0,1,8,2,0,1,1,1,1
3,2,2,178,4,7,84.21410918988987,27.0,1,0,0,0,1,1,1,184.21410918988992,27.0,1,6,1,0,1,1,1,119.363062511601488,1.5,1,3,0,0,1,1,1,11.4991107448003895,52.0,1,12,5,0,1,1,1,128.482243354942938,69.0,1,13,3,0,1,1,1,112.647807218090731,69.0,1,14,6,0,1,1,1,176.51478028279001,3.2,1,2,0,0,1,1,1,192.18320305735021,32.0,1,8,1,0,1,1,1,11.947672585422502,80.0,0,8,3,0,1,0,1,130.22891423375418,8.8,1,2,0,0,1,1,1,141.385422811849466,80.0,0,21,4,0,1,0,1,12.3007429211341477,80.0,0,12,3,0,1,0,1,168.64899091389634,4.3E-10,1,0,0,0,1,1,0,040.8328608662882,33.0,1,8,3,0,1,1,0,052.5837797521182,75.0,1,7,2,0,1,1,1,141.871193589221996,61.0,1,11,1,0,1,1,1,141.87119358922196,61.0,1,10,2,0,1,1,1,142.66692570804794,48.0,1,6,2,0,1,1,1,141.09734083621901,2.1,1,2,0,0,1,1,1,1155.5142283142141,66.0,1,8,2,0,1,1,1,146.52805683371729,51.0,1,8,3,0,1,1,1,148.021718776915364,36.0,1,6,1,0,1,1,1,113.636272560520279,43.0,1,5,2,0,1,1,1,125.596393113822693,31.0,1,5,3,0,1,0,1,133.3612423024418,46.0,1,8,2,0,1,1,1,140.321801456684696,57.0,1,15,1,0,1,1,0,127.110445175085086,56.0,1,0,0,0,1,1,0,133.36124230244168,13.0,1,10,2,0,1,1,0,023.68840830132722,3.2,1,1,0,0,1,1,1,147.51778986453126,80.0,0,0,0,0,1,0,1,149.82733812622866,24.0,1,8,2,0,1,1,1,1
3,2,3,178,13,21,84.21410918988987,22.0,1,0,0,0,1,1,1,184.21410918988992,33.0,1,6,1,0,1,0,1,119.363062511601488,1.5,1,3,0,0,1,1,1,11.4991107448003895,52.0,1,12,5,0,1,1,1,028.482243354942938,60.0,1,13,3,0,1,1,1,012.647807218090731,79.0,1,14,6,0,1,1,1,176.51478028279001,3.2,1,2,0,0,1,1,1,192.18320305735021,32.0,1,8,1,0,1,1,1,01.947672585422502,80.0,0,8,3,0,1,0,1,030.22891423375418,8.8,1,2,0,0,1,1,1,041.385422811849466,80.0,0,21,4,0,1,0,1,12.3007429211341477,80.0,0,12,3,0,1,0,1,068.64899091389634,5.0E-14,0,0,0,0,1,0,0,040.8328608662882,33.0,1,8,3,0,1,1,0,052.5837797521182,77.0,1,7,2,0,1,1,1,141.871193589221996,76.0,1,11,1,0,1,1,1,141.87119358922196,47.0,1,10,2,0,1,1,1,042.66692570804794,48.0,1,6,2,0,1,1,1,041.09734083621901,2.1,1,2,0,0,1,1,1,1155.5142283142141,61.0,1,8,2,0,1,1,1,146.52805683371729,51.0,1,8,3,0,1,1,1,048.021718776915364,36.0,1,6,1,0,1,1,1,113.636272560520279,43.0,1,5,2,0,1,0,1,125.596393113822693,31.0,1,5,3,0,1,1,1,133.3612423024418,46.0,1,8,2,0,1,1,1,140.321801456684696,61.0,1,15,1,0,1,0,0,127.110445175085086,50.0,1,0,0,0,1,1,0,133.36124230244168,13.0,1,10,2,0,1,1,0,023.68840830132722,3.2,1,1,0,0,1,1,1,147.51778986453126,80.0,0,0,0,0,1,0,1,049.82733812622866,24.0,1,8,2,0,1,1,1,0
3,2,4,176,13,21,84.21410918988987,20.0,1,0,0,0,1,1,1,184.21410918988992,32.0,1,6,1,0,1,0,1,119.363062511601488,1.5,1,3,0,0,1,1,1,11.4991107448003895,52.0,1,12,5,0,1,1,1,028.482243354942938,72.0,1,13,3,0,1,1,1,112.647807218090731,70.0,1,14,6,0,1,0,1,176.51478028279001,80.0,0,2,0,0,1,0,1,192.18320305735021,32.0,1,8,1,0,1,1,1,01.947672585422502,80.0,0,8,3,0,1,0,1,030.22891423375418,8.8,1,2,0,0,1,1,1,041.385422811849466,80.0,0,21,4,0,1,0,1,12.3007429211341477,80.0,0,12,3,0,1,0,1,068.64899091389634,5.0E-14,0,0,0,0,1,0,0,040.8328608662882,33.0,1,8,3,0,1,1,0,052.5837797521182,75.0,1,7,2,0,1,1,1,141.871193589221996,61.0,1,11,1,0,1,1,1,141.87119358922196,61.0,1,10,2,0,1,1,1,142.66692570804794,48.0,1,6,2,0,1,1,1,041.09734083621901,2.1,1,2,0,0,1,1,1,1155.5142283142141,64.0,1,8,2,0,1,1,1,146.52805683371729,51.0,1,8,3,0,1,1,1,048.021718776915364,36.0,1,6,1,0,1,1,1,113.636272560520279,43.0,1,5,2,0,1,0,1,125.596393113822693,31.0,1,5,3,0,1,1,1,133.3612423024418,46.0,1,8,2,0,1,1,1,140.321801456684696,61.0,1,15,1,0,1,0,0,127.110445175085086,52.0,1,0,0,0,1,1,0,133.36124230244168,13.0,1,10,2,0,1,1,0,023.68840830132722,3.2,1,1,0,0,1,1,1,147.51778986453126,80.0,0,0,0,0,1,0,1,049.82733812622866,24.0,1,8,2,0,1,1,1,0
3,3,0,180,4,5,72.47403134597059,35.0,1,0,0,0,1,1,1,172.47403134597062,35.0,1,6,3,0,1,1,1,144.0467160281955,4.7,1,3,0,0,1,1,1,14.666735668867606,38.0,1,12,2,0,1,1,1,116.59618082979747,67.0,1,13,3,0,1,1,1,116.596180829797436,67.0,1,14,3,0,1,1,1,174.12236914333083,13.0,1,2,1,0,1,1,1,172.46457636808566,14.0,1,8,0,0,1,1,1,14.406908574944123,20.0,1,8,0,0,1,1,1,124.19695957708068,2.1,1,2,0,0,1,1,1,018.859437332864694,80.0,0,21,6,0,1,1,1,18.81381714988818,80.0,0,12,4,0,1,1,1,175.45294721237303,5.0E-14,1,0,0,0,1,1,0,050.23011042332225,46.0,1,8,3,0,1,1,0,084.24363611969314,77.0,1,7,2,0,1,1,1,157.54771834259993,79.0,1,11,4,0,1,1,1,157.54771834259987,79.0,1,10,2,0,1,1,1,158.570052822832906,34.0,1,6,2,0,1,1,1,156.56755141597139,19.0,1,2,1,0,1,1,1,1185.02938697808537,66.0,1,8,4,0,1,1,1,143.984245266649054,50.0,1,8,2,0,1,1,1,133.94041860296543,80.0,0,6,2,0,1,0,1,134.639746114980625,21.0,1,5,1,0,1,0,1,150.465227740452875,6.4,1,5,2,0,1,1,1,116.54482806733331,67.0,1,8,2,0,1,1,1,139.1266855055778,62.0,1,15,3,0,1,1,0,023.083754603900008,70.0,1,0,0,0,1,1,0,116.54482806733315,37.0,1,10,2,0,1,1,0,04.894762709348014,3.9,1,1,0,0,1,1,1,155.17429535263768,80.0,0,0,0,0,1,0,1,162.759411002692,21.0,1,8,0,0,1,1,1,1
3,3,1,180,4,7,72.47403134597059,35.0,1,0,0,0,1,1,1,172.47403134597062,35.0,1,6,3,0,1,1,1,144.0467160281955,4.7,1,3,0,0,1,1,1,14.666735668867606,38.0,1,12,2,0,1,1,1,116.59618082979747,67.0,1,13,3,0,1,1,1,116.596180829797436,67.0,1,14,3,0,1,1,1,174.12236914333083,13.0,1,2,1,0,1,1,1,172.46457636808566,14.0,1,8,0,0,1,1,1,14.406908574944123,20.0,1,8,0,0,1,1,1,124.19695957708068,2.1,1,2,0,0,1,1,1,018.859437332864694,80.0,0,21,6,0,1,1,1,18.81381714988818,80.0,0,12,4,0,1,1,1,175.45294721237303,5.0E-14,1,0,0,0,1,1,0,050.23011042332225,46.0,1,8,3,0,1,1,0,084.24363611969314,76.0,1,7,2,0,1,1,1,157.54771834259993,79.0,1,11,4,0,1,1,1,157.54771834259987,79.0,1,10,2,0,1,1,1,158.570052822832906,34.0,1,6,2,0,1,1,1,156.56755141597139,19.0,1,2,1,0,1,1,1,1185.02938697808537,68.0,1,8,4,0,1,1,1,143.984245266649054,50.0,1,8,2,0,1,1,1,133.94041860296543,80.0,0,6,2,0,1,0,1,134.639746114980625,21.0,1,5,1,0,1,0,1,150.465227740452875,6.4,1,5,2,0,1,1,1,116.54482806733331,67.0,1,8,2,0,1,1,1,139.1266855055778,71.0,1,15,3,0,1,0,0,123.083754603900008,63.0,1,0,0,0,1,1,0,116.54482806733315,37.0,1,10,2,0,1,1,0,04.894762709348014,3.9,1,1,0,0,1,1,1,155.17429535263768,80.0,0,0,0,0,1,0,1,162.759411002692,21.0,1,8,0,0,1,1,1,1
3,3,2,180,4,8,72.47403134597059,35.0,1,0,0,0,1,1,1,172.47403134597062,35.0,1,6,3,0,1,1,1,144.0467160281955,4.7,1,3,0,0,1,1,1,14.666735668867606,38.0,1,12,2,0,1,1,1,116.59618082979747,67.0,1,13,3,0,1,1,1,116.596180829797436,67.0,1,14,3,0,1,1,1,174.12236914333083,13.0,1,2,1,0,1,1,1,172.46457636808566,14.0,1,8,0,0,1,1,1,14.406908574944123,20.0,1,8,0,0,1,1,1,124.19695957708068,2.1,1,2,0,0,1,1,1,118.859437332864694,80.0,0,21,6,0,1,0,1,18.81381714988818,80.0,0,12,4,0,1,0,1,175.45294721237303,4.3E-10,1,0,0,0,1,1,0,050.23011042332225,46.0,1,8,3,0,1,1,0,084.24363611969314,76.0,1,7,2,0,1,1,1,157.54771834259993,79.0,1,11,4,0,1,1,1,157.54771834259987,79.0,1,10,2,0,1,1,1,158.570052822832906,34.0,1,6,2,0,1,1,1,156.56755141597139,19.0,1,2,1,0,1,1,1,1185.02938697808537,68.0,1,8,4,0,1,1,1,143.984245266649054,50.0,1,8,2,0,1,1,1,133.94041860296543,80.0,0,6,2,0,1,0,1,134.639746114980625,21.0,1,5,1,0,1,0,1,150.465227740452875,6.4,1,5,2,0,1,1,1,116.54482806733331,67.0,1,8,2,0,1,1,1,139.1266855055778,71.0,1,15,3,0,1,0,0,123.083754603900008,63.0,1,0,0,0,1,1,0,116.54482806733315,37.0,1,10,2,0,1,1,0,04.894762709348014,3.9,1,1,0,0,1,1,1,155.17429535263768,80.0,0,0,0,0,1,0,1,162.759411002692,21.0,1,8,0,0,1,1,1,1
3,3,3,180,5,10,72.47403134597059,24.0,1,0,0,0,1,1,1,172.47403134597062,48.0,1,6,3,0,1,0,1,144.0467160281955,4.7,1,3,0,0,1,1,1,14.666735668867606,38.0,1,12,2,0,1,1,1,116.59618082979747,79.0,1,13,3,0,1,1,1,116.596180829797436,75.0,1,14,3,0,1,0,1,174.12236914333083,13.0,1,2,1,0,1,1,1,172.46457636808566,14.0,1,8,0,0,1,1,1,14.406908574944123,20.0,1,8,0,0,1,1,1,124.19695957708068,2.1,1,2,0,0,1,1,1,118.859437332864694,80.0,0,21,6,0,1,0,1,18.81381714988818,80.0,0,12,4,0,1,0,1,175.45294721237303,4.3E-10,1,0,0,0,1,1,0,050.23011042332225,46.0,1,8,3,0,1,1,0,084.24363611969314,75.0,1,7,2,0,1,1,1,157.54771834259993,79.0,1,11,4,0,1,1,1,157.54771834259987,79.0,1,10,2,0,1,1,1,158.570052822832906,34.0,1,6,2,0,1,1,1,156.56755141597139,19.0,1,2,1,0,1,1,1,1185.02938697808537,72.0,1,8,4,0,1,1,1,143.984245266649054,50.0,1,8,2,0,1,1,1,133.94041860296543,80.0,0,6,2,0,1,0,1,134.639746114980625,21.0,1,5,1,0,1,0,1,150.465227740452875,6.4,1,5,2,0,1,1,1,116.54482806733331,67.0,1,8,2,0,1,1,1,139.1266855055778,74.0,1,15,3,0,1,0,0,123.083754603900008,64.0,1,0,0,0,1,1,0,116.54482806733315,37.0,1,10,2,0,1,1,0,04.894762709348014,3.9,1,1,0,0,1,1,1,155.17429535263768,80.0,0,0,0,0,1,0,1,162.759411002692,21.0,1,8,0,0,1,1,1,1
3,3,4,180,13,21,72.47403134597059,24.0,1,0,0,0,1,1,1,172.47403134597062,48.0,1,6,3,0,1,0,1,144.0467160281955,4.7,1,3,0,0,1,1,1,14.666735668867606,38.0,1,12,2,0,1,1,1,016.59618082979747,79.0,1,13,3,0,1,1,1,116.596180829797436,75.0,1,14,3,0,1,0,1,174.12236914333083,13.0,1,2,1,0,1,1,1,172.46457636808566,14.0,1,8,0,0,1,1,1,04.406908574944123,20.0,1,8,0,0,1,1,1,024.19695957708068,2.1,1,2,0,0,1,1,1,118.859437332864694,80.0,0,21,6,0,1,0,1,18.81381714988818,80.0,0,12,4,0,1,0,1,075.45294721237303,5.0E-14,0,0,0,0,1,0,0,050.23011042332225,46.0,1,8,3,0,1,1,0,184.24363611969314,75.0,1,7,2,0,1,1,1,157.54771834259993,79.0,1,11,4,0,1,0,1,157.54771834259987,79.0,1,10,2,0,1,1,1,158.570052822832906,34.0,1,6,2,0,1,1,1,056.56755141597139,19.0,1,2,1,0,1,1,1,1185.02938697808537,72.0,1,8,4,0,1,1,1,143.984245266649054,50.0,1,8,2,0,1,1,1,033.94041860296543,80.0,0,6,2,0,1,0,1,134.639746114980625,21.0,1,5,1,0,1,1,1,050.465227740452875,6.4,1,5,2,0,1,1,1,116.54482806733331,67.0,1,8,2,0,1,1,1,139.1266855055778,74.0,1,15,3,0,1,0,0,123.083754603900008,64.0,1,0,0,0,1,1,0,116.54482806733315,37.0,1,10,2,0,1,1,0,04.894762709348014,3.9,1,1,0,0,1,1,1,155.17429535263768,80.0,0,0,0,0,1,0,1,062.759411002692,21.0,1,8,0,0,1,1,1,0
3,4,0,186,3,3,74.67108296311996,48.0,1,0,0,0,1,1,1,174.67108296312,48.0,1,6,1,0,1,1,1,136.316353523405986,2.8,1,3,0,0,1,1,1,12.7878190589335787,61.0,1,12,4,0,1,1,1,142.5038100691655,63.0,1,13,1,0,1,1,1,142.503810069165496,63.0,1,14,6,0,1,1,1,151.20930407233713,4.7,1,2,0,0,1,1,1,1105.24175504331849,55.0,1,8,3,0,1,1,1,15.866806714119283,10.0,1,8,0,0,1,1,1,133.60528051255318,1.6,1,2,0,0,1,1,1,014.877565187576064,80.0,0,21,8,0,1,1,1,13.8654020000582454,80.0,0,12,3,0,1,1,1,196.27682161210923,4.3E-10,1,0,0,0,1,1,0,048.10483005728589,16.0,1,8,0,0,1,1,0,047.699085117449755,77.0,1,7,1,0,1,1,1,121.221185565868026,80.0,1,11,2,0,1,1,1,121.221185565868065,80.0,1,10,3,0,1,1,1,120.909378081971163,43.0,1,6,3,0,1,1,1,121.567946735577703,25.0,1,2,2,0,1,1,1,1145.4556397994236,33.0,1,8,1,0,1,1,1,156.41693076947514,24.0,1,8,0,0,1,1,1,142.96627848628528,19.0,1,6,1,0,1,1,1,125.886447574120748,28.0,1,5,1,0,1,0,1,126.75904271869444,40.0,1,5,1,0,1,1,1,122.02057012127748,52.0,1,8,1,0,1,1,1,118.991989620987702,65.0,1,15,5,0,1,1,0,014.619669800978127,4.4E-13,1,0,0,0,1,1,0,022.02057012127738,30.0,1,10,5,0,1,1,0,030.75435589588709,9.6,1,1,1,0,1,1,1,150.55405197225548,80.0,0,0,0,0,1,0,1,161.188765485591055,6.5,1,8,1,0,1,1,1,1
3,4,1,186,3,7,74.67108296311996,48.0,1,0,0,0,1,1,1,174.67108296312,48.0,1,6,1,0,1,1,1,136.316353523405986,2.8,1,3,0,0,1,1,1,12.7878190589335787,61.0,1,12,4,0,1,1,1,142.5038100691655,63.0,1,13,1,0,1,1,1,142.503810069165496,63.0,1,14,6,0,1,1,1,151.20930407233713,4.7,1,2,0,0,1,1,1,1105.24175504331849,55.0,1,8,3,0,1,1,1,15.866806714119283,10.0,1,8,0,0,1,1,1,133.60528051255318,1.6,1,2,0,0,1,1,1,114.877565187576064,80.0,0,21,8,0,1,0,1,13.8654020000582454,80.0,0,12,3,0,1,0,1,196.27682161210923,4.3E-10,1,0,0,0,1,1,0,048.10483005728589,16.0,1,8,0,0,1,1,0,047.699085117449755,50.0,1,7,1,0,1,1,1,121.221185565868026,80.0,1,11,2,0,1,1,1,121.221185565868065,80.0,1,10,3,0,1,1,1,120.909378081971163,43.0,1,6,3,0,1,1,1,121.567946735577703,25.0,1,2,2,0,1,1,1,1145.4556397994236,28.0,1,8,1,0,1,1,1,156.41693076947514,24.0,1,8,0,0,1,1,1,142.96627848628528,19.0,1,6,1,0,1,1,1,125.886447574120748,28.0,1,5,1,0,1,1,1,126.75904271869444,40.0,1,5,1,0,1,0,1,122.02057012127748,52.0,1,8,1,0,1,1,1,118.991989620987702,57.0,1,15,5,0,1,1,0,114.619669800978127,34.0,1,0,0,0,1,0,0,122.02057012127738,30.0,1,10,5,0,1,1,0,030.75435589588709,9.6,1,1,1,0,1,1,1,150.55405197225548,80.0,0,0,0,0,1,0,1,161.188765485591055,6.5,1,8,1,0,1,1,1,1
3,4,2,186,12,18,74.67108296311996,43.0,1,0,0,0,1,0,1,174.67108296312,52.0,1,6,1,0,1,1,1,136.316353523405986,2.8,1,3,0,0,1,1,1,12.7878190589335787,61.0,1,12,4,0,1,1,1,042.5038100691655,63.0,1,13,1,0,1,1,1,142.503810069165496,63.0,1,14,6,0,1,1,1,151.20930407233713,4.7,1,2,0,0,1,1,1,1105.24175504331849,55.0,1,8,3,0,1,1,1,05.866806714119283,10.0,1,8,0,0,1,1,1,033.60528051255318,1.6,1,2,0,0,1,1,1,014.877565187576064,80.0,0,21,8,0,1,0,1,13.8654020000582454,80.0,0,12,3,0,1,1,1,096.27682161210923,5.0E-14,0,0,0,0,1,0,0,148.10483005728589,16.0,1,8,0,0,1,1,0,047.699085117449755,50.0,1,7,1,0,1,1,1,121.221185565868026,80.0,1,11,2,0,1,1,1,121.221185565868065,80.0,1,10,3,0,1,1,1,120.909378081971163,43.0,1,6,3,0,1,1,1,021.567946735577703,25.0,1,2,2,0,1,1,1,1145.4556397994236,28.0,1,8,1,0,1,1,1,156.41693076947514,24.0,1,8,0,0,1,1,1,042.96627848628528,19.0,1,6,1,0,1,1,1,125.886447574120748,28.0,1,5,1,0,1,1,1,126.75904271869444,40.0,1,5,1,0,1,1,1,022.02057012127748,52.0,1,8,1,0,1,1,1,118.991989620987702,57.0,1,15,5,0,1,1,0,114.619669800978127,34.0,1,0,0,0,1,0,0,122.02057012127738,30.0,1,10,5,0,1,1,0,030.75435589588709,9.6,1,1,1,0,1,1,1,150.55405197225548,80.0,0,0,0,0,1,0,1,061.188765485591055,6.5,1,8,1,0,1,1,1,0
3,5,0,198,4,5,50.43366945453541,49.0,1,0,0,0,1,1,1,150.43366945453545,49.0,1,6,3,0,1,1,1,149.28418519908382,16.0,1,3,1,0,1,1,1,116.374398748416688,12.0,1,12,3,0,1,1,1,112.8473218515118,64.0,1,13,3,0,1,1,1,112.847321851511783,64.0,1,14,4,0,1,1,1,135.696521504089226,6.0,1,2,0,0,1,1,1,165.26271052529425,43.0,1,8,2,0,1,1,1,11.374711026665179,21.0,1,8,1,0,1,1,1,131.1725990929632,37.0,1,2,0,0,1,1,1,124.024544858575915,80.0,0,21,7,0,1,0,1,12.749422053330294,26.0,1,12,1,0,1,1,1,077.20261001775796,5.0E-14,1,0,0,0,1,1,0,026.30296855861511,33.0,1,8,2,0,1,1,0,075.36440996254741,62.0,1,7,1,0,1,1,1,132.6338962000146,78.0,1,11,4,0,1,1,1,132.63389620001463,78.0,1,10,3,0,1,1,1,142.290721279823515,29.0,1,6,2,0,1,1,1,123.115431437346516,3.0,1,2,0,0,1,1,1,1188.32334945671127,51.0,1,8,0,0,1,1,1,163.31826554904937,63.0,1,8,4,0,1,1,1,128.995319902326255,31.0,1,6,1,0,1,1,1,16.634436422950518,14.0,1,5,0,0,1,1,1,010.299057833000635,26.0,1,5,2,0,1,1,1,111.323639537976762,76.0,1,8,2,0,1,1,1,149.05213651446746,49.0,1,15,3,0,1,1,0,023.282929399406004,50.0,1,0,0,0,1,1,0,111.323639537976577,47.0,1,10,5,0,1,1,0,019.958780636383185,2.1,1,1,0,0,1,1,1,148.193681373519,80.0,0,0,0,0,1,0,1,152.77976157897706,12.0,1,8,0,0,1,1,1,1
3,5,1,198,4,7,50.43366945453541,49.0,1,0,0,0,1,1,1,150.43366945453545,49.0,1,6,3,0,1,1,1,149.28418519908382,16.0,1,3,1,0,1,1,1,116.374398748416688,12.0,1,12,3,0,1,1,1,112.8473218515118,64.0,1,13,3,0,1,1,1,112.847321851511783,64.0,1,14,4,0,1,1,1,135.696521504089226,6.0,1,2,0,0,1,1,1,165.26271052529425,43.0,1,8,2,0,1,1,1,11.374711026665179,21.0,1,8,1,0,1,1,1,131.1725990929632,37.0,1,2,0,0,1,1,1,124.024544858575915,80.0,0,21,7,0,1,0,1,12.749422053330294,26.0,1,12,1,0,1,1,1,077.20261001775796,4.3E-10,1,0,0,0,1,1,0,026.30296855861511,33.0,1,8,2,0,1,1,0,075.36440996254741,66.0,1,7,1,0,1,1,1,132.6338962000146,78.0,1,11,4,0,1,1,1,132.63389620001463,78.0,1,10,3,0,1,1,1,142.290721279823515,29.0,1,6,2,0,1,1,1,123.115431437346516,3.0,1,2,0,0,1,1,1,1188.32334945671127,46.0,1,8,0,0,1,1,1,163.31826554904937,63.0,1,8,4,0,1,1,1,128.995319902326255,31.0,1,6,1,0,1,1,1,16.634436422950518,14.0,1,5,0,0,1,1,1,110.299057833000635,26.0,1,5,2,0,1,0,1,111.323639537976762,76.0,1,8,2,0,1,1,1,149.05213651446746,55.0,1,15,3,0,1,1,0,123.282929399406004,40.0,1,0,0,0,1,0,0,111.323639537976577,47.0,1,10,5,0,1,1,0,019.958780636383185,2.1,1,1,0,0,1,1,1,148.193681373519,80.0,0,0,0,0,1,0,1,152.77976157897706,12.0,1,8,0,0,1,1,1,1
3,5,2,198,11,14,50.43366945453541,49.0,1,0,0,0,1,1,1,150.43366945453545,49.0,1,6,3,0,1,1,1,149.28418519908382,16.0,1,3,1,0,1,1,1,116.374398748416688,12.0,1,12,3,0,1,1,1,012.8473218515118,64.0,1,13,3,0,1,1,1,112.847321851511783,64.0,1,14,4,0,1,1,1,135.696521504089226,6.0,1,2,0,0,1,1,1,165.26271052529425,43.0,1,8,2,0,1,1,1,01.374711026665179,21.0,1,8,1,0,1,1,1,131.1725990929632,37.0,1,2,0,0,1,1,1,124.024544858575915,80.0,0,21,7,0,1,0,1,12.749422053330294,26.0,1,12,1,0,1,1,1,077.20261001775796,4.3E-10,1,0,0,0,1,1,0,026.30296855861511,33.0,1,8,2,0,1,1,0,075.36440996254741,66.0,1,7,1,0,1,1,1,132.6338962000146,79.0,1,11,4,0,1,1,1,132.63389620001463,78.0,1,10,3,0,1,0,1,142.290721279823515,29.0,1,6,2,0,1,1,1,023.115431437346516,3.0,1,2,0,0,1,1,1,1188.32334945671127,46.0,1,8,0,0,1,1,1,163.31826554904937,63.0,1,8,4,0,1,1,1,028.995319902326255,31.0,1,6,1,0,1,1,1,16.634436422950518,14.0,1,5,0,0,1,1,1,010.299057833000635,26.0,1,5,2,0,1,1,1,111.323639537976762,76.0,1,8,2,0,1,1,1,149.05213651446746,55.0,1,15,3,0,1,1,0,123.282929399406004,40.0,1,0,0,0,1,0,0,111.323639537976577,47.0,1,10,5,0,1,1,0,019.958780636383185,2.1,1,1,0,0,1,1,1,148.193681373519,80.0,0,0,0,0,1,0,1,052.77976157897706,12.0,1,8,0,0,1,1,1,0
4,1,0,178,4,5,94.55526467440113,33.0,1,0,0,0,1,1,1,194.5552646744012,33.0,1,6,1,0,1,1,1,115.526397689683208,9.4,1,3,0,0,1,1,1,19.375650232450516,20.0,1,12,0,0,1,1,1,19.909771552340644,67.0,1,13,5,2,1,1,1,15.758056752186645,67.0,1,14,6,1,1,1,1,177.44983731067666,2.4,1,2,0,0,1,1,1,1111.7090205198593,48.0,1,8,3,0,1,1,1,13.846340195083364,80.0,0,8,3,0,1,0,1,131.006802771733984,14.0,1,2,1,0,1,1,1,045.63986011481707,80.0,0,21,6,2,1,1,1,12.6749739497041145,80.0,0,12,1,1,1,1,1,181.5641205280906,5.0E-14,1,0,0,0,1,1,0,033.89097182682855,18.0,1,8,1,0,1,1,0,032.196707426936726,70.0,1,7,3,0,1,1,1,132.54505930314768,64.0,1,11,3,2,1,1,1,132.54505930314768,64.0,1,10,2,0,1,1,1,122.796506396613772,20.0,1,6,1,0,1,1,1,142.37642991472692,4.9,1,2,1,1,1,1,1,1107.5531269506372,45.0,1,8,2,0,1,1,1,146.33088294758904,18.0,1,8,1,1,1,1,1,120.261803064688895,34.0,1,6,2,0,1,1,1,125.444720726565816,31.0,1,5,2,0,1,1,1,136.42699522479914,7.5,1,5,1,1,1,0,1,123.973430153470492,70.0,1,8,2,0,1,1,1,121.101837246414824,34.0,1,15,2,0,1,1,0,026.282690355128068,54.0,1,0,0,0,1,1,0,123.973430153470446,30.0,1,10,4,2,1,1,0,017.373846735015356,3.3,1,1,0,0,1,1,1,148.15600430992342,80.0,0,0,0,0,1,0,1,146.279407370000996,23.0,1,8,1,0,1,1,1,1
4,1,1,178,4,7,94.55526467440113,33.0,1,0,0,0,1,1,1,194.5552646744012,33.0,1,6,1,0,1,1,1,115.526397689683208,9.4,1,3,0,0,1,1,1,19.375650232450516,20.0,1,12,0,0,1,1,1,19.909771552340644,67.0,1,13,5,2,1,1,1,15.758056752186645,67.0,1,14,6,1,1,1,1,177.44983731067666,2.4,1,2,0,0,1,1,1,1111.7090205198593,48.0,1,8,3,0,1,1,1,13.846340195083364,80.0,0,8,3,0,1,0,1,131.006802771733984,14.0,1,2,1,0,1,1,1,045.63986011481707,80.0,0,21,6,2,1,1,1,12.6749739497041145,80.0,0,12,1,1,1,1,1,181.5641205280906,5.0E-14,1,0,0,0,1,1,0,033.89097182682855,18.0,1,8,1,0,1,1,0,032.196707426936726,63.0,1,7,3,0,1,1,1,132.54505930314768,64.0,1,11,3,2,1,1,1,132.54505930314768,64.0,1,10,2,0,1,1,1,122.796506396613772,20.0,1,6,1,0,1,1,1,142.37642991472692,4.9,1,2,1,1,1,1,1,1107.5531269506372,54.0,1,8,2,0,1,1,1,146.33088294758904,18.0,1,8,1,1,1,1,1,120.261803064688895,34.0,1,6,2,0,1,1,1,125.444720726565816,31.0,1,5,2,0,1,1,1,136.42699522479914,7.5,1,5,1,1,1,0,1,123.973430153470492,70.0,1,8,2,0,1,1,1,121.101837246414824,55.0,1,15,2,0,1,1,0,126.282690355128068,40.0,1,0,0,0,1,0,0,123.973430153470446,30.0,1,10,4,2,1,1,0,017.373846735015356,3.3,1,1,0,0,1,1,1,148.15600430992342,80.0,0,0,0,0,1,0,1,146.279407370000996,23.0,1,8,1,0,1,1,1,1
4,1,2,178,4,8,94.55526467440113,33.0,1,0,0,0,1,1,1,194.5552646744012,33.0,1,6,1,0,1,1,1,115.526397689683208,9.4,1,3,0,0,1,1,1,19.375650232450516,20.0,1,12,0,0,1,1,1,19.909771552340644,67.0,1,13,5,2,1,1,1,15.758056752186645,67.0,1,14,6,1,1,1,1,177.44983731067666,2.4,1,2,0,0,1,1,1,1111.7090205198593,48.0,1,8,3,0,1,1,1,13.846340195083364,80.0,0,8,3,0,1,0,1,131.006802771733984,14.0,1,2,1,0,1,1,1,145.63986011481707,80.0,0,21,6,2,1,0,1,12.6749739497041145,80.0,0,12,1,1,1,0,1,181.5641205280906,4.3E-10,1,0,0,0,1,1,0,033.89097182682855,18.0,1,8,1,0,1,1,0,032.196707426936726,63.0,1,7,3,0,1,1,1,132.54505930314768,64.0,1,11,3,2,1,1,1,132.54505930314768,64.0,1,10,2,0,1,1,1,122.796506396613772,20.0,1,6,1,0,1,1,1,142.37642991472692,4.9,1,2,1,1,1,1,1,1107.5531269506372,54.0,1,8,2,0,1,1,1,146.33088294758904,18.0,1,8,1,1,1,1,1,120.261803064688895,34.0,1,6,2,0,1,1,1,125.444720726565816,31.0,1,5,2,0,1,0,1,136.42699522479914,7.5,1,5,1,1,1,1,1,123.973430153470492,70.0,1,8,2,0,1,1,1,121.101837246414824,55.0,1,15,2,0,1,1,0,126.282690355128068,40.0,1,0,0,0,1,0,0,123.973430153470446,30.0,1,10,4,2,1,1,0,017.373846735015356,3.3,1,1,0,0,1,1,1,148.15600430992342,80.0,0,0,0,0,1,0,1,146.279407370000996,23.0,1,8,1,0,1,1,1,1
4,1,3,178,13,22,94.55526467440113,33.0,1,0,0,0,1,1,1,194.5552646744012,33.0,1,6,1,0,1,1,1,115.526397689683208,9.4,1,3,0,0,1,1,1,19.375650232450516,20.0,1,12,0,0,1,1,1,09.909771552340644,66.0,1,13,5,2,1,0,1,15.758056752186645,69.0,1,14,6,1,1,1,1,177.44983731067666,2.4,1,2,0,0,1,1,1,1111.7090205198593,48.0,1,8,3,0,1,1,1,03.846340195083364,80.0,0,8,3,0,1,0,1,031.006802771733984,14.0,1,2,1,0,1,1,1,045.63986011481707,80.0,0,21,6,2,1,0,1,12.6749739497041145,80.0,0,12,1,1,1,0,1,081.5641205280906,4.3E-10,1,0,0,0,1,1,0,133.89097182682855,18.0,1,8,1,0,1,0,0,132.196707426936726,63.0,1,7,3,0,1,1,1,132.54505930314768,65.0,1,11,3,2,1,1,1,132.54505930314768,63.0,1,10,2,0,1,0,1,122.796506396613772,20.0,1,6,1,0,1,1,1,042.37642991472692,4.9,1,2,1,1,1,1,1,1107.5531269506372,54.0,1,8,2,0,1,1,1,146.33088294758904,18.0,1,8,1,1,1,1,1,020.261803064688895,34.0,1,6,2,0,1,1,1,125.444720726565816,31.0,1,5,2,0,1,1,1,136.42699522479914,7.5,1,5,1,1,1,1,1,023.973430153470492,70.0,1,8,2,0,1,1,1,121.101837246414824,55.0,1,15,2,0,1,1,0,126.282690355128068,40.0,1,0,0,0,1,0,0,123.973430153470446,30.0,1,10,4,2,1,1,0,017.373846735015356,3.3,1,1,0,0,1,1,1,148.15600430992342,80.0,0,0,0,0,1,0,1,046.279407370000996,23.0,1,8,1,0,1,1,1,0
4,2,0,190,4,5,84.21410918988987,27.0,1,0,0,0,1,1,1,184.21410918988992,27.0,1,6,1,0,1,1,1,119.363062511601488,1.5,1,3,0,0,1,1,1,11.4991107448003895,43.0,1,12,5,1,1,1,1,128.482243354942938,67.0,1,13,3,2,1,1,1,112.647807218090731,67.0,1,14,6,2,1,1,1,176.51478028279001,3.2,1,2,0,0,1,1,1,192.18320305735021,32.0,1,8,1,0,1,1,1,11.947672585422502,80.0,0,8,3,0,1,0,1,130.22891423375418,41.0,1,2,0,0,1,1,1,141.385422811849466,80.0,0,21,4,1,1,0,1,12.3007429211341477,25.0,1,12,3,2,1,1,1,168.64899091389634,5.0E-14,1,0,0,0,1,1,0,040.8328608662882,33.0,1,8,3,0,1,1,0,052.5837797521182,73.0,1,7,2,0,1,1,1,141.871193589221996,51.0,1,11,1,1,1,1,1,141.87119358922196,51.0,1,10,2,1,1,1,1,142.66692570804794,48.0,1,6,2,0,1,1,1,141.09734083621901,2.1,1,2,0,0,1,1,1,1155.5142283142141,56.0,1,8,2,0,1,1,1,146.52805683371729,42.0,1,8,3,1,1,1,1,148.021718776915364,36.0,1,6,1,0,1,1,1,113.636272560520279,33.0,1,5,2,1,1,0,1,125.596393113822693,22.0,1,5,3,1,1,1,1,133.3612423024418,46.0,1,8,2,0,1,1,1,140.321801456684696,43.0,1,15,1,0,1,1,0,027.110445175085086,64.0,1,0,0,0,1,1,0,133.36124230244168,13.0,1,10,2,0,1,1,0,023.68840830132722,3.2,1,1,0,0,1,1,1,147.51778986453126,80.0,0,0,0,0,1,0,1,149.82733812622866,24.0,1,8,2,0,1,1,1,1
4,2,1,190,4,6,84.21410918988987,27.0,1,0,0,0,1,1,1,184.21410918988992,27.0,1,6,1,0,1,1,1,119.363062511601488,1.5,1,3,0,0,1,1,1,11.4991107448003895,43.0,1,12,5,1,1,1,1,128.482243354942938,67.0,1,13,3,2,1,1,1,112.647807218090731,67.0,1,14,6,2,1,1,1,176.51478028279001,3.2,1,2,0,0,1,1,1,192.18320305735021,32.0,1,8,1,0,1,1,1,11.947672585422502,80.0,0,8,3,0,1,0,1,130.22891423375418,41.0,1,2,0,0,1,1,1,141.385422811849466,80.0,0,21,4,1,1,0,1,12.3007429211341477,25.0,1,12,3,2,1,1,1,168.64899091389634,5.0E-14,1,0,0,0,1,1,0,040.8328608662882,33.0,1,8,3,0,1,1,0,052.5837797521182,72.0,1,7,2,0,1,1,1,141.871193589221996,51.0,1,11,1,1,1,1,1,141.87119358922196,51.0,1,10,2,1,1,1,1,142.66692570804794,48.0,1,6,2,0,1,1,1,141.09734083621901,2.1,1,2,0,0,1,1,1,1155.5142283142141,59.0,1,8,2,0,1,1,1,146.52805683371729,42.0,1,8,3,1,1,1,1,148.021718776915364,36.0,1,6,1,0,1,1,1,113.636272560520279,33.0,1,5,2,1,1,0,1,125.596393113822693,22.0,1,5,3,1,1,1,1,133.3612423024418,46.0,1,8,2,0,1,1,1,140.321801456684696,55.0,1,15,1,0,1,1,0,127.110445175085086,54.0,1,0,0,0,1,1,0,133.36124230244168,13.0,1,10,2,0,1,1,0,023.68840830132722,3.2,1,1,0,0,1,1,1,147.51778986453126,80.0,0,0,0,0,1,0,1,149.82733812622866,24.0,1,8,2,0,1,1,1,1
4,2,2,190,4,7,84.21410918988987,27.0,1,0,0,0,1,1,1,184.21410918988992,27.0,1,6,1,0,1,1,1,119.363062511601488,1.5,1,3,0,0,1,1,1,11.4991107448003895,43.0,1,12,5,1,1,1,1,128.482243354942938,78.0,1,13,3,2,1,1,1,112.647807218090731,57.0,1,14,6,2,1,1,1,076.51478028279001,3.2,1,2,0,0,1,1,1,192.18320305735021,32.0,1,8,1,0,1,1,1,11.947672585422502,80.0,0,8,3,0,1,0,1,130.22891423375418,41.0,1,2,0,0,1,1,1,141.385422811849466,80.0,0,21,4,1,1,0,1,12.3007429211341477,25.0,1,12,3,2,1,1,1,168.64899091389634,4.3E-10,1,0,0,0,1,1,0,040.8328608662882,33.0,1,8,3,0,1,1,0,052.5837797521182,72.0,1,7,2,0,1,1,1,141.871193589221996,51.0,1,11,1,1,1,1,1,141.87119358922196,51.0,1,10,2,1,1,1,1,142.66692570804794,48.0,1,6,2,0,1,1,1,141.09734083621901,2.1,1,2,0,0,1,1,1,1155.5142283142141,59.0,1,8,2,0,1,1,1,146.52805683371729,42.0,1,8,3,1,1,1,1,148.021718776915364,36.0,1,6,1,0,1,1,1,113.636272560520279,33.0,1,5,2,1,1,0,1,125.596393113822693,22.0,1,5,3,1,1,1,1,133.3612423024418,46.0,1,8,2,0,1,1,1,140.321801456684696,55.0,1,15,1,0,1,1,0,127.110445175085086,54.0,1,0,0,0,1,1,0,133.36124230244168,13.0,1,10,2,0,1,1,0,023.68840830132722,3.2,1,1,0,0,1,1,1,147.51778986453126,80.0,0,0,0,0,1,0,1,149.82733812622866,24.0,1,8,2,0,1,1,1,1
4,2,3,190,5,8,84.21410918988987,24.0,1,0,0,0,1,1,1,184.21410918988992,30.0,1,6,1,0,1,0,1,119.363062511601488,1.5,1,3,0,0,1,1,1,11.4991107448003895,43.0,1,12,5,1,1,1,1,128.482243354942938,78.0,1,13,3,2,1,1,1,112.647807218090731,57.0,1,14,6,2,1,1,1,076.51478028279001,3.2,1,2,0,0,1,1,1,192.18320305735021,32.0,1,8,1,0,1,1,1,11.947672585422502,80.0,0,8,3,0,1,0,1,130.22891423375418,41.0,1,2,0,0,1,1,1,141.385422811849466,80.0,0,21,4,1,1,0,1,12.3007429211341477,25.0,1,12,3,2,1,1,1,168.64899091389634,4.3E-10,1,0,0,0,1,1,0,040.8328608662882,33.0,1,8,3,0,1,1,0,052.5837797521182,75.0,1,7,2,0,1,1,1,141.871193589221996,51.0,1,11,1,1,1,1,1,141.87119358922196,51.0,1,10,2,1,1,1,1,142.66692570804794,48.0,1,6,2,0,1,1,1,141.09734083621901,2.1,1,2,0,0,1,1,1,1155.5142283142141,54.0,1,8,2,0,1,1,1,146.52805683371729,42.0,1,8,3,1,1,1,1,148.021718776915364,36.0,1,6,1,0,1,1,1,113.636272560520279,33.0,1,5,2,1,1,0,1,125.596393113822693,22.0,1,5,3,1,1,1,1,133.3612423024418,46.0,1,8,2,0,1,1,1,140.321801456684696,53.0,1,15,1,0,1,1,0,127.110445175085086,52.0,1,0,0,0,1,1,0,133.36124230244168,13.0,1,10,2,0,1,1,0,023.68840830132722,3.2,1,1,0,0,1,1,1,147.51778986453126,80.0,0,0,0,0,1,0,1,149.82733812622866,24.0,1,8,2,0,1,1,1,1
4,2,4,190,12,18,84.21410918988987,24.0,1,0,0,0,1,1,1,184.21410918988992,30.0,1,6,1,0,1,0,1,119.363062511601488,1.5,1,3,0,0,1,1,1,11.4991107448003895,43.0,1,12,5,1,1,1,1,028.482243354942938,78.0,1,13,3,2,1,1,1,112.647807218090731,57.0,1,14,6,2,1,1,1,076.51478028279001,3.2,1,2,0,0,1,1,1,192.18320305735021,32.0,1,8,1,0,1,1,1,01.947672585422502,80.0,0,8,3,0,1,0,1,030.22891423375418,41.0,1,2,0,0,1,1,1,141.385422811849466,80.0,0,21,4,1,1,0,1,12.3007429211341477,25.0,1,12,3,2,1,1,1,168.64899091389634,5.0E-14,0,0,0,0,1,0,0,040.8328608662882,33.0,1,8,3,0,1,1,0,052.5837797521182,75.0,1,7,2,0,1,1,1,141.871193589221996,51.0,1,11,1,1,1,1,1,141.87119358922196,52.0,1,10,2,1,1,0,1,142.66692570804794,48.0,1,6,2,0,1,1,1,041.09734083621901,2.1,1,2,0,0,1,1,1,1155.5142283142141,54.0,1,8,2,0,1,1,1,146.52805683371729,42.0,1,8,3,1,1,1,1,048.021718776915364,36.0,1,6,1,0,1,1,1,113.636272560520279,33.0,1,5,2,1,1,0,1,125.596393113822693,22.0,1,5,3,1,1,1,1,133.3612423024418,46.0,1,8,2,0,1,1,1,140.321801456684696,53.0,1,15,1,0,1,1,0,127.110445175085086,52.0,1,0,0,0,1,1,0,133.36124230244168,13.0,1,10,2,0,1,1,0,123.68840830132722,3.2,1,1,0,0,1,1,1,147.51778986453126,80.0,0,0,0,0,1,0,1,049.82733812622866,24.0,1,8,2,0,1,1,1,0
4,3,0,190,4,5,72.47403134597059,26.0,1,0,0,0,1,1,1,172.47403134597062,26.0,1,6,3,2,1,1,1,144.0467160281955,4.7,1,3,0,0,1,1,1,14.666735668867606,38.0,1,12,2,0,1,1,1,116.59618082979747,75.0,1,13,3,0,1,1,1,116.596180829797436,75.0,1,14,3,2,1,1,1,174.12236914333083,13.0,1,2,1,0,1,1,1,172.46457636808566,14.0,1,8,0,0,1,1,1,14.406908574944123,80.0,0,8,0,0,1,0,1,124.19695957708068,66.0,1,2,0,0,1,1,1,118.859437332864694,80.0,0,21,6,0,1,0,1,18.81381714988818,50.0,1,12,4,0,1,1,1,175.45294721237303,5.0E-14,1,0,0,0,1,1,0,050.23011042332225,38.0,1,8,3,1,1,1,0,084.24363611969314,78.0,1,7,2,1,1,1,1,157.54771834259993,69.0,1,11,4,1,1,1,1,157.54771834259987,69.0,1,10,2,0,1,1,1,158.570052822832906,34.0,1,6,2,0,1,1,1,156.56755141597139,9.0,1,2,1,1,1,1,1,1185.02938697808537,66.0,1,8,4,1,1,1,1,143.984245266649054,40.0,1,8,2,1,1,1,1,133.94041860296543,30.0,1,6,2,0,1,1,1,134.639746114980625,11.0,1,5,1,1,1,0,1,150.465227740452875,6.4,1,5,2,0,1,1,1,116.54482806733331,59.0,1,8,2,0,1,1,1,139.1266855055778,54.0,1,15,3,1,1,1,0,023.083754603900008,70.0,1,0,0,0,1,1,0,116.54482806733315,29.0,1,10,2,1,1,1,0,04.894762709348014,3.9,1,1,0,0,1,1,1,155.17429535263768,80.0,0,0,0,0,1,0,1,162.759411002692,21.0,1,8,0,0,1,1,1,1
4,3,1,190,4,7,72.47403134597059,26.0,1,0,0,0,1,1,1,172.47403134597062,26.0,1,6,3,2,1,1,1,144.0467160281955,4.7,1,3,0,0,1,1,1,14.666735668867606,38.0,1,12,2,0,1,1,1,116.59618082979747,75.0,1,13,3,0,1,1,1,116.596180829797436,75.0,1,14,3,2,1,1,1,174.12236914333083,13.0,1,2,1,0,1,1,1,172.46457636808566,14.0,1,8,0,0,1,1,1,14.406908574944123,80.0,0,8,0,0,1,0,1,124.19695957708068,66.0,1,2,0,0,1,1,1,118.859437332864694,80.0,0,21,6,0,1,0,1,18.81381714988818,50.0,1,12,4,0,1,1,1,175.45294721237303,4.3E-10,1,0,0,0,1,1,0,050.23011042332225,38.0,1,8,3,1,1,1,0,084.24363611969314,76.0,1,7,2,1,1,1,1,157.54771834259993,69.0,1,11,4,1,1,1,1,157.54771834259987,69.0,1,10,2,0,1,1,1,158.570052822832906,34.0,1,6,2,0,1,1,1,156.56755141597139,9.0,1,2,1,1,1,1,1,1185.02938697808537,69.0,1,8,4,1,1,1,1,143.984245266649054,40.0,1,8,2,1,1,1,1,133.94041860296543,30.0,1,6,2,0,1,1,1,134.639746114980625,11.0,1,5,1,1,1,1,1,150.465227740452875,6.4,1,5,2,0,1,0,1,116.54482806733331,59.0,1,8,2,0,1,1,1,139.1266855055778,67.0,1,15,3,1,1,0,0,123.083754603900008,60.0,1,0,0,0,1,1,0,116.54482806733315,29.0,1,10,2,1,1,1,0,04.894762709348014,3.9,1,1,0,0,1,1,1,155.17429535263768,80.0,0,0,0,0,1,0,1,162.759411002692,21.0,1,8,0,0,1,1,1,1
4,3,2,190,5,8,72.47403134597059,20.0,1,0,0,0,1,0,1,172.47403134597062,32.0,1,6,3,2,1,1,1,144.0467160281955,4.7,1,3,0,0,1,1,1,14.666735668867606,38.0,1,12,2,0,1,1,1,116.59618082979747,75.0,1,13,3,0,1,1,1,116.596180829797436,75.0,1,14,3,2,1,1,1,174.12236914333083,13.0,1,2,1,0,1,1,1,172.46457636808566,14.0,1,8,0,0,1,1,1,14.406908574944123,80.0,0,8,0,0,1,0,1,124.19695957708068,66.0,1,2,0,0,1,1,1,118.859437332864694,80.0,0,21,6,0,1,0,1,18.81381714988818,50.0,1,12,4,0,1,1,1,175.45294721237303,4.3E-10,1,0,0,0,1,1,0,050.23011042332225,38.0,1,8,3,1,1,1,0,084.24363611969314,71.0,1,7,2,1,1,1,1,157.54771834259993,69.0,1,11,4,1,1,1,1,157.54771834259987,69.0,1,10,2,0,1,1,1,158.570052822832906,34.0,1,6,2,0,1,1,1,156.56755141597139,9.0,1,2,1,1,1,1,1,1185.02938697808537,76.0,1,8,4,1,1,1,1,143.984245266649054,40.0,1,8,2,1,1,1,1,133.94041860296543,30.0,1,6,2,0,1,1,1,134.639746114980625,11.0,1,5,1,1,1,1,1,150.465227740452875,6.4,1,5,2,0,1,0,1,116.54482806733331,59.0,1,8,2,0,1,1,1,139.1266855055778,73.0,1,15,3,1,1,0,0,123.083754603900008,60.0,1,0,0,0,1,1,0,116.54482806733315,29.0,1,10,2,1,1,1,0,04.894762709348014,3.9,1,1,0,0,1,1,1,155.17429535263768,80.0,0,0,0,0,1,0,1,162.759411002692,21.0,1,8,0,0,1,1,1,1
4,3,3,190,12,19,72.47403134597059,20.0,1,0,0,0,1,0,1,172.47403134597062,32.0,1,6,3,2,1,1,1,144.0467160281955,4.7,1,3,0,0,1,1,1,14.666735668867606,38.0,1,12,2,0,1,1,1,016.59618082979747,75.0,1,13,3,0,1,1,1,116.596180829797436,75.0,1,14,3,2,1,1,1,174.12236914333083,13.0,1,2,1,0,1,1,1,172.46457636808566,14.0,1,8,0,0,1,1,1,04.406908574944123,80.0,0,8,0,0,1,0,1,024.19695957708068,66.0,1,2,0,0,1,1,1,118.859437332864694,80.0,0,21,6,0,1,0,1,18.81381714988818,50.0,1,12,4,0,1,1,1,075.45294721237303,4.3E-10,1,0,0,0,1,1,0,050.23011042332225,38.0,1,8,3,1,1,1,0,184.24363611969314,71.0,1,7,2,1,1,1,1,157.54771834259993,70.0,1,11,4,1,1,0,1,157.54771834259987,68.0,1,10,2,0,1,1,1,158.570052822832906,34.0,1,6,2,0,1,1,1,056.56755141597139,9.0,1,2,1,1,1,1,1,1185.02938697808537,76.0,1,8,4,1,1,1,1,143.984245266649054,40.0,1,8,2,1,1,1,1,033.94041860296543,30.0,1,6,2,0,1,1,1,134.639746114980625,11.0,1,5,1,1,1,1,1,150.465227740452875,6.4,1,5,2,0,1,0,1,116.54482806733331,59.0,1,8,2,0,1,1,1,139.1266855055778,73.0,1,15,3,1,1,0,0,123.083754603900008,60.0,1,0,0,0,1,1,0,116.54482806733315,29.0,1,10,2,1,1,1,0,14.894762709348014,3.9,1,1,0,0,1,1,1,155.17429535263768,80.0,0,0,0,0,1,0,1,062.759411002692,21.0,1,8,0,0,1,1,1,0
4,4,0,198,4,4,74.67108296311996,43.0,1,0,0,0,1,1,1,174.67108296312,43.0,1,6,1,1,1,1,1,136.316353523405986,2.8,1,3,0,0,1,1,1,12.7878190589335787,61.0,1,12,4,0,1,1,1,142.5038100691655,79.0,1,13,1,0,1,1,1,142.503810069165496,79.0,1,14,6,2,1,1,1,151.20930407233713,4.7,1,2,0,0,1,1,1,1105.24175504331849,55.0,1,8,3,0,1,1,1,15.866806714119283,10.0,1,8,0,0,1,1,1,033.60528051255318,63.0,1,2,0,0,1,1,1,114.877565187576064,80.0,0,21,8,4,1,0,1,13.8654020000582454,48.0,1,12,3,0,1,1,1,196.27682161210923,4.3E-10,1,0,0,0,1,1,0,048.10483005728589,16.0,1,8,0,0,1,1,0,047.699085117449755,77.0,1,7,1,0,1,1,1,121.221185565868026,65.0,1,11,2,0,1,1,1,121.221185565868065,65.0,1,10,3,1,1,1,1,120.909378081971163,33.0,1,6,3,1,1,1,1,121.567946735577703,15.0,1,2,2,1,1,1,1,1145.4556397994236,33.0,1,8,1,0,1,1,1,156.41693076947514,24.0,1,8,0,0,1,1,1,142.96627848628528,19.0,1,6,1,0,1,1,1,125.886447574120748,28.0,1,5,1,0,1,1,1,126.75904271869444,40.0,1,5,1,0,1,0,1,122.02057012127748,68.0,1,8,1,0,1,1,1,118.991989620987702,57.0,1,15,5,1,1,1,0,014.619669800978127,4.7E-13,1,0,0,0,1,1,0,022.02057012127738,46.0,1,10,5,2,1,1,0,030.75435589588709,9.6,1,1,1,0,1,1,1,150.55405197225548,0.0,1,0,0,0,1,1,1,161.188765485591055,6.5,1,8,1,0,1,1,1,0
4,4,1,198,4,8,74.67108296311996,43.0,1,0,0,0,1,1,1,174.67108296312,43.0,1,6,1,1,1,1,1,136.316353523405986,2.8,1,3,0,0,1,1,1,12.7878190589335787,61.0,1,12,4,0,1,1,1,142.5038100691655,79.0,1,13,1,0,1,1,1,142.503810069165496,79.0,1,14,6,2,1,1,1,151.20930407233713,4.7,1,2,0,0,1,1,1,1105.24175504331849,55.0,1,8,3,0,1,1,1,15.866806714119283,10.0,1,8,0,0,1,1,1,033.60528051255318,63.0,1,2,0,0,1,1,1,114.877565187576064,80.0,0,21,8,4,1,0,1,13.8654020000582454,48.0,1,12,3,0,1,1,1,096.27682161210923,4.3E-10,1,0,0,0,1,1,0,048.10483005728589,16.0,1,8,0,0,1,1,0,047.699085117449755,49.0,1,7,1,0,1,1,1,121.221185565868026,65.0,1,11,2,0,1,1,1,121.221185565868065,65.0,1,10,3,1,1,1,1,120.909378081971163,33.0,1,6,3,1,1,1,1,121.567946735577703,15.0,1,2,2,1,1,1,1,1145.4556397994236,30.0,1,8,1,0,1,1,1,156.41693076947514,24.0,1,8,0,0,1,1,1,142.96627848628528,19.0,1,6,1,0,1,1,1,125.886447574120748,28.0,1,5,1,0,1,0,1,126.75904271869444,40.0,1,5,1,0,1,1,1,122.02057012127748,68.0,1,8,1,0,1,1,1,118.991989620987702,53.0,1,15,5,1,1,1,0,114.619669800978127,32.0,1,0,0,0,1,0,0,122.02057012127738,46.0,1,10,5,2,1,1,0,030.75435589588709,9.6,1,1,1,0,1,1,1,150.55405197225548,80.0,0,0,0,0,1,0,1,161.188765485591055,6.5,1,8,1,0,1,1,1,1
4,4,2,198,12,19,74.67108296311996,43.0,1,0,0,0,1,1,1,174.67108296312,43.0,1,6,1,1,1,1,1,136.316353523405986,2.8,1,3,0,0,1,1,1,12.7878190589335787,61.0,1,12,4,0,1,1,1,042.5038100691655,79.0,1,13,1,0,1,1,1,142.503810069165496,79.0,1,14,6,2,1,0,1,151.20930407233713,4.7,1,2,0,0,1,1,1,1105.24175504331849,55.0,1,8,3,0,1,1,1,05.866806714119283,10.0,1,8,0,0,1,1,1,033.60528051255318,63.0,1,2,0,0,1,1,1,114.877565187576064,80.0,0,21,8,4,1,0,1,13.8654020000582454,48.0,1,12,3,0,1,1,1,096.27682161210923,5.0E-14,0,0,0,0,1,0,0,048.10483005728589,16.0,1,8,0,0,1,1,0,147.699085117449755,49.0,1,7,1,0,1,1,1,121.221185565868026,64.0,1,11,2,0,1,0,1,121.221185565868065,67.0,1,10,3,1,1,1,1,120.909378081971163,33.0,1,6,3,1,1,1,1,021.567946735577703,15.0,1,2,2,1,1,1,1,1145.4556397994236,30.0,1,8,1,0,1,1,1,156.41693076947514,24.0,1,8,0,0,1,1,1,042.96627848628528,19.0,1,6,1,0,1,1,1,125.886447574120748,28.0,1,5,1,0,1,1,1,026.75904271869444,40.0,1,5,1,0,1,1,1,022.02057012127748,68.0,1,8,1,0,1,1,1,118.991989620987702,53.0,1,15,5,1,1,1,0,114.619669800978127,32.0,1,0,0,0,1,0,0,122.02057012127738,46.0,1,10,5,2,1,1,0,030.75435589588709,9.6,1,1,1,0,1,1,1,150.55405197225548,80.0,0,0,0,0,1,0,1,061.188765485591055,6.5,1,8,1,0,1,1,1,0
4,5,0,207,3,4,50.43366945453541,44.0,1,0,0,0,1,1,1,150.43366945453545,44.0,1,6,3,1,1,1,1,149.28418519908382,16.0,1,3,1,0,1,1,1,116.374398748416688,42.0,1,12,3,1,1,1,1,112.8473218515118,66.0,1,13,3,2,1,1,1,112.847321851511783,66.0,1,14,4,0,1,1,1,135.696521504089226,6.0,1,2,0,0,1,1,1,165.26271052529425,43.0,1,8,2,0,1,1,1,11.374711026665179,13.0,1,8,1,1,1,1,1,131.1725990929632,72.0,1,2,0,0,1,1,1,124.024544858575915,69.0,1,21,7,3,1,1,1,12.749422053330294,80.0,0,12,1,1,1,0,1,177.20261001775796,5.0E-14,1,0,0,0,1,1,0,026.30296855861511,25.0,1,8,2,1,1,1,0,075.36440996254741,74.0,1,7,1,0,1,1,1,132.6338962000146,78.0,1,11,4,0,1,1,1,132.63389620001463,78.0,1,10,3,0,1,1,1,142.290721279823515,29.0,1,6,2,0,1,1,1,123.115431437346516,3.0,1,2,0,0,1,1,1,1188.32334945671127,34.0,1,8,0,0,1,1,1,163.31826554904937,63.0,1,8,4,0,1,1,1,128.995319902326255,31.0,1,6,1,0,1,1,1,16.634436422950518,14.0,1,5,0,0,1,1,1,110.299057833000635,26.0,1,5,2,0,1,0,1,111.323639537976762,61.0,1,8,2,0,1,1,1,149.05213651446746,79.0,1,15,3,1,1,1,0,123.282929399406004,1.7E-13,1,0,0,0,1,1,0,011.323639537976577,31.0,1,10,5,2,1,1,0,019.958780636383185,2.1,1,1,0,0,1,1,1,148.193681373519,80.0,0,0,0,0,1,0,1,152.77976157897706,12.0,1,8,0,0,1,1,1,1
4,5,1,207,3,5,50.43366945453541,44.0,1,0,0,0,1,1,1,150.43366945453545,44.0,1,6,3,1,1,1,1,149.28418519908382,16.0,1,3,1,0,1,1,1,116.374398748416688,42.0,1,12,3,1,1,1,1,112.8473218515118,66.0,1,13,3,2,1,1,1,112.847321851511783,66.0,1,14,4,0,1,1,1,135.696521504089226,6.0,1,2,0,0,1,1,1,165.26271052529425,43.0,1,8,2,0,1,1,1,11.374711026665179,13.0,1,8,1,1,1,1,1,131.1725990929632,72.0,1,2,0,0,1,1,1,124.024544858575915,69.0,1,21,7,3,1,1,1,12.749422053330294,80.0,0,12,1,1,1,0,1,177.20261001775796,4.3E-10,1,0,0,0,1,1,0,026.30296855861511,25.0,1,8,2,1,1,1,0,075.36440996254741,79.0,1,7,1,0,1,1,1,132.6338962000146,78.0,1,11,4,0,1,1,1,132.63389620001463,78.0,1,10,3,0,1,1,1,142.290721279823515,29.0,1,6,2,0,1,1,1,123.115431437346516,3.0,1,2,0,0,1,1,1,1188.32334945671127,33.0,1,8,0,0,1,1,1,163.31826554904937,63.0,1,8,4,0,1,1,1,128.995319902326255,31.0,1,6,1,0,1,1,1,16.634436422950518,14.0,1,5,0,0,1,0,1,110.299057833000635,26.0,1,5,2,0,1,1,1,111.323639537976762,61.0,1,8,2,0,1,1,1,149.05213651446746,76.0,1,15,3,1,1,1,0,123.282929399406004,80.0,0,0,0,0,1,0,0,011.323639537976577,31.0,1,10,5,2,1,1,0,019.958780636383185,2.1,1,1,0,0,1,1,1,148.193681373519,80.0,0,0,0,0,1,0,1,152.77976157897706,12.0,1,8,0,0,1,1,1,1
4,5,2,207,4,5,50.43366945453541,44.0,1,0,0,0,1,1,1,150.43366945453545,44.0,1,6,3,1,1,1,1,149.28418519908382,16.0,1,3,1,0,1,1,1,116.374398748416688,42.0,1,12,3,1,1,1,1,112.8473218515118,66.0,1,13,3,2,1,1,1,112.847321851511783,66.0,1,14,4,0,1,1,1,135.696521504089226,6.0,1,2,0,0,1,1,1,165.26271052529425,43.0,1,8,2,0,1,1,1,11.374711026665179,13.0,1,8,1,1,1,1,1,131.1725990929632,72.0,1,2,0,0,1,1,1,124.024544858575915,69.0,1,21,7,3,1,1,1,12.749422053330294,80.0,0,12,1,1,1,0,1,177.20261001775796,4.3E-10,1,0,0,0,1,1,0,026.30296855861511,25.0,1,8,2,1,1,1,0,075.36440996254741,79.0,1,7,1,0,1,1,1,132.6338962000146,78.0,1,11,4,0,1,1,1,132.63389620001463,78.0,1,10,3,0,1,1,1,142.290721279823515,29.0,1,6,2,0,1,1,1,123.115431437346516,3.0,1,2,0,0,1,1,1,1188.32334945671127,33.0,1,8,0,0,1,1,1,163.31826554904937,63.0,1,8,4,0,1,1,1,128.995319902326255,31.0,1,6,1,0,1,1,1,16.634436422950518,14.0,1,5,0,0,1,1,1,010.299057833000635,26.0,1,5,2,0,1,1,1,111.323639537976762,61.0,1,8,2,0,1,1,1,149.05213651446746,76.0,1,15,3,1,1,1,0,123.282929399406004,80.0,0,0,0,0,1,0,0,011.323639537976577,31.0,1,10,5,2,1,1,0,019.958780636383185,2.1,1,1,0,0,1,1,1,148.193681373519,80.0,0,0,0,0,1,0,1,152.77976157897706,12.0,1,8,0,0,1,1,1,1
4,5,3,207,11,14,50.43366945453541,44.0,1,0,0,0,1,1,1,150.43366945453545,44.0,1,6,3,1,1,1,1,149.28418519908382,16.0,1,3,1,0,1,1,1,116.374398748416688,42.0,1,12,3,1,1,1,1,012.8473218515118,66.0,1,13,3,2,1,1,1,112.847321851511783,66.0,1,14,4,0,1,1,1,135.696521504089226,6.0,1,2,0,0,1,1,1,165.26271052529425,43.0,1,8,2,0,1,1,1,01.374711026665179,13.0,1,8,1,1,1,1,1,131.1725990929632,72.0,1,2,0,0,1,1,1,124.024544858575915,69.0,1,21,7,3,1,1,1,12.749422053330294,80.0,0,12,1,1,1,0,1,077.20261001775796,5.0E-14,0,0,0,0,1,0,0,026.30296855861511,25.0,1,8,2,1,1,1,0,075.36440996254741,79.0,1,7,1,0,1,1,1,132.6338962000146,79.0,1,11,4,0,1,1,1,132.63389620001463,78.0,1,10,3,0,1,0,1,142.290721279823515,29.0,1,6,2,0,1,1,1,023.115431437346516,3.0,1,2,0,0,1,1,1,1188.32334945671127,33.0,1,8,0,0,1,1,1,163.31826554904937,63.0,1,8,4,0,1,1,1,028.995319902326255,31.0,1,6,1,0,1,1,1,16.634436422950518,14.0,1,5,0,0,1,1,1,010.299057833000635,26.0,1,5,2,0,1,1,1,111.323639537976762,61.0,1,8,2,0,1,1,1,149.05213651446746,76.0,1,15,3,1,1,1,0,123.282929399406004,80.0,0,0,0,0,1,0,0,011.323639537976577,31.0,1,10,5,2,1,1,0,019.958780636383185,2.1,1,1,0,0,1,1,1,148.193681373519,80.0,0,0,0,0,1,0,1,052.77976157897706,12.0,1,8,0,0,1,1,1,0
